AUC: 0.913574	AP: 0.487798

4108:ONEDRIVESETUP.EXE	0.293177	0.0
5968:ONEDRIVESETUP.EXE	0.293177	0.0
2236:PYTHON.EXE	0.293177	0.0
2392:TASKKILL.EXE	0.026597	0.0
4236:ONEDRIVESETUP.EXE	0.026597	0.0
1088:TASKKILL.EXE	0.026597	0.0
2312:ADOBEARM.EXE	0.026597	0.0
1808:CONHOST.EXE	0.026597	0.0
636:FIREFOX.EXE	0.026597	0.0
5772:CVTRES.EXE	0.026597	3.0
2952:POWERSHELL.EXE	-0.186229	1.0
5876:CSC.EXE	-0.186229	2.0
2904:ONEDRIVESETUP.EXE	-1.417108	0.0
4828:SC.EXE	-1.417108	0.0
5604:PING.EXE	-1.562425	2.0
272:PING.EXE	-1.587100	2.0
3644:ONEDRIVESETUP.EXE	-1.590422	0.0
5004:ONEDRIVESETUP.EXE	-1.590422	0.0
4880:ADOBEARM.EXE	-1.610313	0.0
4164:ONEDRIVESETUP.EXE	-1.610313	0.0
4504:ONEDRIVESETUP.EXE	-1.610313	0.0
5828:QWINSTA.EXE	-1.610313	0.0
4996:ONEDRIVESETUP.EXE	-1.610313	0.0
3176:ONEDRIVESETUP.EXE	-1.610313	0.0
688:ONEDRIVESETUP.EXE	-1.610313	0.0
736:ONEDRIVESETUP.EXE	-1.610313	0.0
708:ONEDRIVESETUP.EXE	-1.610313	0.0
5816:ONEDRIVESETUP.EXE	-1.610313	0.0
2508:ONEDRIVESETUP.EXE	-1.610313	0.0
4644:ONEDRIVESETUP.EXE	-1.610313	0.0
576:SC.EXE	-1.622839	0.0
4924:ONEDRIVESETUP.EXE	-1.622839	0.0
5080:SCHTASKS.EXE	-1.622839	0.0
4340:FINDSTR.EXE	-1.622839	0.0
4404:FINDSTR.EXE	-1.622839	0.0
4876:READER_SL.EXE	-1.622839	0.0
3284:CONHOST.EXE	-1.622839	0.0
3188:TASKLIST.EXE	-1.622839	0.0
3296:SC.EXE	-1.622839	0.0
4776:ONEDRIVESETUP.EXE	-1.622839	0.0
576:CONHOST.EXE	-1.622839	0.0
3472:NETSTAT.EXE	-1.622839	0.0
4608:TASKKILL.EXE	-1.622839	0.0
3132:CONHOST.EXE	-1.622839	0.0
6024:CONHOST.EXE	-1.622839	0.0
5916:CONHOST.EXE	-1.622839	0.0
856:BCDEDIT.EXE	-1.622839	0.0
1912:FINDSTR.EXE	-1.622839	0.0
5292:CONHOST.EXE	-1.622839	0.0
6020:FINDSTR.EXE	-1.622839	0.0
4844:SC.EXE	-1.622839	0.0
668:TASKKILL.EXE	-1.622839	0.0
5196:TASKLIST.EXE	-1.622839	0.0
4068:CONHOST.EXE	-1.622839	0.0
5344:TASKLIST.EXE	-1.622839	0.0
1228:BCDEDIT.EXE	-1.622839	0.0
3340:CONHOST.EXE	-1.622839	0.0
3268:ONEDRIVESETUP.EXE	-1.637561	0.0
336:SCHTASKS.EXE	-1.657644	0.0
408:PING.EXE	-1.663943	2.0
2756:PING.EXE	-1.663943	2.0
3732:PING.EXE	-1.663943	2.0
4700:PING.EXE	-1.663943	2.0
700:PING.EXE	-1.663943	2.0
4768:PING.EXE	-1.663943	2.0
4764:PING.EXE	-1.663943	2.0
508:PING.EXE	-1.663943	2.0
3176:PING.EXE	-1.663943	2.0
2872:PING.EXE	-1.663943	2.0
5696:PING.EXE	-1.663943	2.0
5372:PING.EXE	-1.663943	2.0
676:PING.EXE	-1.663943	2.0
5132:PING.EXE	-1.663943	2.0
5236:PING.EXE	-1.663943	2.0
1192:PING.EXE	-1.663943	2.0
4128:PING.EXE	-1.663943	2.0
3312:PING.EXE	-1.663943	2.0
5056:PING.EXE	-1.663943	2.0
5544:PING.EXE	-1.663943	2.0
908:PING.EXE	-1.663943	2.0
588:PING.EXE	-1.663943	2.0
3664:PING.EXE	-1.663943	2.0
2316:PING.EXE	-1.663943	2.0
696:PING.EXE	-1.663943	2.0
5868:PING.EXE	-1.663943	2.0
5288:PING.EXE	-1.663943	2.0
2052:PING.EXE	-1.663943	2.0
4572:PING.EXE	-1.663943	2.0
5816:TIWORKER.EXE	-1.683209	0.0
5072:SMARTSCREEN.EXE	-1.683209	0.0
4764:BACKGROUNDTASKHOST.EXE	-1.683209	0.0
5644:TRUSTEDINSTALLER.EXE	-1.683209	0.0
1964:DLLHOST.EXE	-1.683209	0.0
5884:CHXSMARTSCREEN.EXE	-1.683209	0.0
1424:BACKGROUNDTASKHOST.EXE	-1.683209	0.0
3156:TRUSTEDINSTALLER.EXE	-1.683209	0.0
268:TIWORKER.EXE	-1.683209	0.0
5756:TIWORKER.EXE	-1.683209	0.0
4764:SEARCHFILTERHOST.EXE	-1.683209	0.0
2432:TRUSTEDINSTALLER.EXE	-1.683209	0.0
3520:TRUSTEDINSTALLER.EXE	-1.683209	0.0
3180:SEARCHFILTERHOST.EXE	-1.683209	0.0
6068:TRUSTEDINSTALLER.EXE	-1.683209	0.0
3472:TRUSTEDINSTALLER.EXE	-1.683209	0.0
5760:TRUSTEDINSTALLER.EXE	-1.683209	0.0
3332:TASKHOSTW.EXE	-1.683209	0.0
5320:TIWORKER.EXE	-1.683209	0.0
3552:TRUSTEDINSTALLER.EXE	-1.683209	0.0
5700:TRUSTEDINSTALLER.EXE	-1.683209	0.0
1256:SVCHOST.EXE	-1.683209	0.0
1664:SIHCLIENT.EXE	-1.683209	0.0
928:TRUSTEDINSTALLER.EXE	-1.683209	0.0
4504:TRUSTEDINSTALLER.EXE	-1.683209	0.0
5376:TRUSTEDINSTALLER.EXE	-1.683209	0.0
5236:TRUSTEDINSTALLER.EXE	-1.683209	0.0
4580:TRUSTEDINSTALLER.EXE	-1.683209	0.0
3408:TRUSTEDINSTALLER.EXE	-1.683209	0.0
2596:QWINSTA.EXE	-1.683209	0.0
3280:TIWORKER.EXE	-1.683209	0.0
4576:TASKHOSTW.EXE	-1.683209	0.0
4928:TRUSTEDINSTALLER.EXE	-1.683209	0.0
5924:TRUSTEDINSTALLER.EXE	-1.683209	0.0
904:TRUSTEDINSTALLER.EXE	-1.683209	0.0
3532:TRUSTEDINSTALLER.EXE	-1.683209	0.0
3660:TRUSTEDINSTALLER.EXE	-1.683209	0.0
6108:TIWORKER.EXE	-1.683209	0.0
4924:TASKHOSTW.EXE	-1.683209	0.0
6068:TIWORKER.EXE	-1.683209	0.0
5072:BACKGROUNDTASKHOST.EXE	-1.683209	0.0
3080:TRUSTEDINSTALLER.EXE	-1.683209	0.0
4980:TRUSTEDINSTALLER.EXE	-1.683209	0.0
1824:TRUSTEDINSTALLER.EXE	-1.683209	0.0
4364:SKYPEHOST.EXE	-1.683209	0.0
5756:TRUSTEDINSTALLER.EXE	-1.683209	0.0
2956:TRUSTEDINSTALLER.EXE	-1.683209	0.0
2924:SIHCLIENT.EXE	-1.683209	0.0
184:TRUSTEDINSTALLER.EXE	-1.683209	0.0
5204:TIWORKER.EXE	-1.683209	0.0
3344:TRUSTEDINSTALLER.EXE	-1.683209	0.0
5772:SVCHOST.EXE	-1.683209	0.0
4032:TASKHOSTW.EXE	-1.683209	0.0
5340:TRUSTEDINSTALLER.EXE	-1.683209	0.0
612:CMD.EXE	-1.683209	0.0
4864:GPUPDATE.EXE	-1.683209	0.0
4632:POWERSHELL.EXE	-1.683209	0.0
5016:TRUSTEDINSTALLER.EXE	-1.683209	0.0
5436:GPUPDATE.EXE	-1.683209	0.0
644:QWINSTA.EXE	-1.683209	0.0
5004:INSTALLAGENT.EXE	-1.683209	0.0
5112:SVCHOST.EXE	-1.683209	0.0
5828:TRUSTEDINSTALLER.EXE	-1.683209	0.0
1104:TIWORKER.EXE	-1.683209	0.0
5832:TRUSTEDINSTALLER.EXE	-1.683209	0.0
520:TRUSTEDINSTALLER.EXE	-1.683209	0.0
5276:CMD.EXE	-1.705326	0.0
5304:PING.EXE	-1.712787	2.0
2200:PING.EXE	-1.727324	2.0
4520:PING.EXE	-1.727324	2.0
5916:PING.EXE	-1.727324	2.0
532:PING.EXE	-1.727324	2.0
3956:PING.EXE	-1.727324	2.0
4820:CONHOST.EXE	-1.740870	0.0
1928:SCHTASKS.EXE	-1.753404	0.0
5712:SCHTASKS.EXE	-1.753404	0.0
4116:SCHTASKS.EXE	-1.753404	0.0
2252:TASKLIST.EXE	-1.753404	0.0
5388:FINDSTR.EXE	-1.753404	0.0
1448:CONHOST.EXE	-1.753404	0.0
2388:SCHTASKS.EXE	-1.753404	0.0
508:FINDSTR.EXE	-1.753404	0.0
4080:TASKKILL.EXE	-1.753404	0.0
4176:CMD.EXE	-1.757868	0.0
740:CMD.EXE	-1.757868	0.0
3308:PING.EXE	-1.762112	2.0
3248:PING.EXE	-1.775590	2.0
4556:PING.EXE	-1.775590	2.0
1440:PING.EXE	-1.775590	2.0
5300:PING.EXE	-1.775590	2.0
1304:PING.EXE	-1.775590	2.0
4880:PING.EXE	-1.775590	2.0
5328:PING.EXE	-1.775590	2.0
4460:PING.EXE	-1.775590	2.0
5428:PING.EXE	-1.775590	2.0
1804:PING.EXE	-1.775590	2.0
852:PING.EXE	-1.775590	2.0
528:PING.EXE	-1.775590	2.0
5752:PING.EXE	-1.775590	2.0
4512:PING.EXE	-1.775590	2.0
524:PING.EXE	-1.775590	2.0
4752:PING.EXE	-1.775590	2.0
4012:PING.EXE	-1.775590	2.0
2432:PING.EXE	-1.775590	2.0
3132:PING.EXE	-1.775590	2.0
4848:PING.EXE	-1.775590	2.0
5772:PING.EXE	-1.775590	2.0
3352:PING.EXE	-1.775590	2.0
1224:PING.EXE	-1.775590	2.0
2408:PING.EXE	-1.775590	2.0
5824:PING.EXE	-1.775590	2.0
1188:PING.EXE	-1.775590	2.0
5864:PING.EXE	-1.775590	2.0
1796:PING.EXE	-1.775590	2.0
1668:PING.EXE	-1.775590	2.0
3464:PING.EXE	-1.775590	2.0
912:PING.EXE	-1.775590	2.0
384:PING.EXE	-1.775590	2.0
3428:PING.EXE	-1.775590	2.0
5676:PING.EXE	-1.775590	2.0
2680:PING.EXE	-1.775590	2.0
3280:PING.EXE	-1.775590	2.0
5996:PING.EXE	-1.775590	2.0
860:PING.EXE	-1.775590	2.0
3984:PING.EXE	-1.775590	2.0
5388:PING.EXE	-1.775590	2.0
1104:PING.EXE	-1.775590	2.0
3344:PING.EXE	-1.775590	2.0
2984:PING.EXE	-1.775590	2.0
3384:PING.EXE	-1.775590	2.0
4820:PING.EXE	-1.775590	2.0
4808:PING.EXE	-1.775590	2.0
2824:PING.EXE	-1.775590	2.0
5432:PING.EXE	-1.775590	2.0
3920:PING.EXE	-1.775590	2.0
2812:PING.EXE	-1.775590	2.0
1780:PING.EXE	-1.775590	2.0
2300:PING.EXE	-1.775590	2.0
4940:PING.EXE	-1.775590	2.0
4920:PING.EXE	-1.775590	2.0
5740:PING.EXE	-1.775590	2.0
1688:PING.EXE	-1.775590	2.0
3896:PING.EXE	-1.775590	2.0
5564:PING.EXE	-1.775590	2.0
5032:PING.EXE	-1.775590	2.0
5216:PING.EXE	-1.775590	2.0
1164:PING.EXE	-1.775590	2.0
2648:PING.EXE	-1.775590	2.0
5100:PING.EXE	-1.775590	2.0
2584:PING.EXE	-1.775590	2.0
2184:PING.EXE	-1.775590	2.0
3424:PING.EXE	-1.775590	2.0
2616:PING.EXE	-1.775590	2.0
916:PING.EXE	-1.775590	2.0
4452:PING.EXE	-1.775590	2.0
3032:PING.EXE	-1.775590	2.0
4604:PING.EXE	-1.775590	2.0
4504:PING.EXE	-1.775590	2.0
5712:PING.EXE	-1.775590	2.0
4624:PING.EXE	-1.775590	2.0
3116:PING.EXE	-1.775590	2.0
3224:MORE.COM	-1.775590	2.0
5804:PING.EXE	-1.775590	2.0
4776:PING.EXE	-1.775590	2.0
3604:PING.EXE	-1.775590	2.0
4516:PING.EXE	-1.775590	2.0
692:PING.EXE	-1.775590	2.0
336:PING.EXE	-1.775590	2.0
516:PING.EXE	-1.775590	2.0
5080:PING.EXE	-1.775590	2.0
2476:PING.EXE	-1.775590	2.0
4200:PING.EXE	-1.775590	2.0
708:PING.EXE	-1.775590	2.0
3848:PING.EXE	-1.775590	2.0
5184:PING.EXE	-1.775590	2.0
4904:PING.EXE	-1.775590	2.0
4756:PING.EXE	-1.775590	2.0
2700:PING.EXE	-1.775590	2.0
4868:PING.EXE	-1.775590	2.0
3120:PING.EXE	-1.775590	2.0
3224:PING.EXE	-1.775590	2.0
4596:PING.EXE	-1.775590	2.0
4932:PING.EXE	-1.775590	2.0
5020:PING.EXE	-1.775590	2.0
5336:PING.EXE	-1.775590	2.0
5872:PING.EXE	-1.775590	2.0
5452:PING.EXE	-1.775590	2.0
848:PING.EXE	-1.775590	2.0
5188:PING.EXE	-1.775590	2.0
688:PING.EXE	-1.775590	2.0
1476:PING.EXE	-1.775590	2.0
4724:PING.EXE	-1.775590	2.0
4644:PING.EXE	-1.775590	2.0
5664:PING.EXE	-1.775590	2.0
3212:PING.EXE	-1.775590	2.0
644:PING.EXE	-1.775590	2.0
3772:PING.EXE	-1.775590	2.0
2944:PING.EXE	-1.775590	2.0
5340:PING.EXE	-1.775590	2.0
6088:PING.EXE	-1.775590	2.0
1324:PING.EXE	-1.775590	2.0
4472:PING.EXE	-1.775590	2.0
632:PING.EXE	-1.775590	2.0
3164:PING.EXE	-1.775590	2.0
1824:PING.EXE	-1.775590	2.0
3404:PING.EXE	-1.775590	2.0
2548:PING.EXE	-1.775590	2.0
4544:PING.EXE	-1.775590	2.0
2588:PING.EXE	-1.775590	2.0
2608:PING.EXE	-1.775590	2.0
1844:PING.EXE	-1.775590	2.0
824:PING.EXE	-1.775590	2.0
2160:PING.EXE	-1.775590	2.0
1484:PING.EXE	-1.775590	2.0
3900:PING.EXE	-1.775590	2.0
2440:PING.EXE	-1.775590	2.0
2672:PING.EXE	-1.775590	2.0
3952:PING.EXE	-1.775590	2.0
5624:PING.EXE	-1.775590	2.0
3200:PING.EXE	-1.775590	2.0
2656:PING.EXE	-1.775590	2.0
524:CMD.EXE	-1.781468	0.0
5520:CMD.EXE	-1.782568	0.0
2860:CMD.EXE	-1.782568	0.0
1180:CMD.EXE	-1.782568	0.0
3812:CMD.EXE	-1.782568	0.0
3580:CMD.EXE	-1.782568	0.0
4220:CMD.EXE	-1.782568	0.0
3020:CMD.EXE	-1.782568	0.0
3536:ONEDRIVESETUP.EXE	-1.784093	0.0
4284:ONEDRIVESETUP.EXE	-1.784093	0.0
3076:ONEDRIVESETUP.EXE	-1.784093	0.0
5864:ONEDRIVESETUP.EXE	-1.784093	0.0
5112:ONEDRIVESETUP.EXE	-1.784093	0.0
4352:ONEDRIVESETUP.EXE	-1.784093	0.0
3020:ONEDRIVESETUP.EXE	-1.784093	0.0
5764:ONEDRIVESETUP.EXE	-1.784093	0.0
4756:ONEDRIVESETUP.EXE	-1.784093	0.0
5476:CONHOST.EXE	-1.784093	0.0
1548:PING.EXE	-1.788291	2.0
5744:PING.EXE	-1.788291	2.0
2952:QWINSTA.EXE	-1.799961	0.0
5704:QWINSTA.EXE	-1.799961	0.0
3868:SCHTASKS.EXE	-1.799961	0.0
2872:CONHOST.EXE	-1.799961	0.0
5600:NETSTAT.EXE	-1.799961	0.0
5836:NETSTAT.EXE	-1.799961	0.0
2528:NETSTAT.EXE	-1.799961	0.0
4892:CMD.EXE	-1.801132	0.0
5204:PING.EXE	-1.805985	2.0
2524:SCHTASKS.EXE	-1.808584	0.0
2488:CONHOST.EXE	-1.808584	0.0
4604:CONHOST.EXE	-1.808584	0.0
824:CONHOST.EXE	-1.808584	0.0
1088:CONHOST.EXE	-1.808584	0.0
3128:CONHOST.EXE	-1.808584	0.0
6080:CONHOST.EXE	-1.808584	0.0
3308:SCHTASKS.EXE	-1.808584	0.0
3552:CONHOST.EXE	-1.808584	0.0
4584:CONHOST.EXE	-1.808584	0.0
4540:GOOGLEUPDATE.EXE	-1.809649	0.0
2736:PING.EXE	-1.823500	2.0
4976:PING.EXE	-1.823500	2.0
4236:PING.EXE	-1.823500	2.0
5412:PING.EXE	-1.823500	2.0
4676:PING.EXE	-1.823500	2.0
76:PING.EXE	-1.823500	2.0
1724:PING.EXE	-1.823500	2.0
3128:CMD.EXE	-1.827546	0.0
4472:CMD.EXE	-1.827546	0.0
2116:CMD.EXE	-1.827546	0.0
5740:CMD.EXE	-1.827546	0.0
5928:CMD.EXE	-1.827546	0.0
2300:CONHOST.EXE	-1.833705	0.0
3096:CONHOST.EXE	-1.837289	0.0
3344:CONHOST.EXE	-1.843682	0.0
3924:PING.EXE	-1.852072	2.0
3076:CMD.EXE	-1.855392	0.0
5612:CONHOST.EXE	-1.865532	0.0
4608:PING.EXE	-1.866754	2.0
5492:PING.EXE	-1.866754	2.0
3580:PING.EXE	-1.866754	2.0
6020:PING.EXE	-1.866754	2.0
2472:PING.EXE	-1.866754	2.0
2268:PING.EXE	-1.866754	2.0
3700:PING.EXE	-1.866754	2.0
4304:PING.EXE	-1.866754	2.0
4708:PING.EXE	-1.866754	2.0
3884:PING.EXE	-1.866754	2.0
264:PING.EXE	-1.866754	2.0
3556:PING.EXE	-1.866754	2.0
5932:PING.EXE	-1.866754	2.0
3684:PING.EXE	-1.866754	2.0
2860:PING.EXE	-1.866754	2.0
3016:PING.EXE	-1.866754	2.0
5612:PING.EXE	-1.866754	2.0
1592:PING.EXE	-1.866754	2.0
2472:CONHOST.EXE	-1.869256	0.0
5588:CONHOST.EXE	-1.870810	0.0
3056:CONHOST.EXE	-1.870810	0.0
3220:CONHOST.EXE	-1.870810	0.0
3396:CONHOST.EXE	-1.870810	0.0
5652:FONTDRVHOST.EXE	-1.873164	0.0
5488:DWM.EXE	-1.873164	0.0
1852:USERINIT.EXE	-1.873164	0.0
2316:CMD.EXE	-1.875675	0.0
4764:CMD.EXE	-1.875675	0.0
5444:PING.EXE	-1.876812	0.0
4016:RUNONCE.EXE	-1.876812	0.0
6008:PING.EXE	-1.876812	0.0
2932:GECKODRIVER.EXE	-1.876812	0.0
5664:CONHOST.EXE	-1.877899	0.0
5204:GOOGLEUPDATE.EXE	-1.879435	0.0
4888:GOOGLEUPDATE.EXE	-1.879435	0.0
4788:GOOGLEUPDATE.EXE	-1.879435	0.0
1804:GOOGLEUPDATE.EXE	-1.879435	0.0
5680:LOGONUI.EXE	-1.882611	0.0
2196:PING.EXE	-1.886844	2.0
536:PING.EXE	-1.886844	2.0
4200:CMD.EXE	-1.889396	0.0
5072:CMD.EXE	-1.891710	0.0
1108:CONHOST.EXE	-1.892478	0.0
800:CONHOST.EXE	-1.892478	0.0
1672:CONHOST.EXE	-1.892478	0.0
3872:CONHOST.EXE	-1.892478	0.0
6140:CONHOST.EXE	-1.892478	0.0
6052:CONHOST.EXE	-1.892478	0.0
5316:CMD.EXE	-1.896618	0.0
4540:CONHOST.EXE	-1.898604	0.0
2680:CONHOST.EXE	-1.898604	0.0
6020:CONHOST.EXE	-1.898604	0.0
3732:CONHOST.EXE	-1.898604	0.0
4864:SCHTASKS.EXE	-1.898604	0.0
388:CMD.EXE	-1.901203	0.0
5976:PING.EXE	-1.902266	2.0
2388:GOOGLEUPDATE.EXE	-1.904336	0.0
2812:GOOGLEUPDATE.EXE	-1.904336	0.0
3644:GOOGLEUPDATE.EXE	-1.904336	0.0
1672:GOOGLEUPDATE.EXE	-1.904336	0.0
4224:GOOGLEUPDATE.EXE	-1.904336	0.0
804:GOOGLEUPDATE.EXE	-1.904336	0.0
5968:LOGONUI.EXE	-1.904336	0.0
2312:WINLOGON.EXE	-1.904336	0.0
6120:GOOGLEUPDATE.EXE	-1.904336	0.0
584:GOOGLEUPDATE.EXE	-1.904336	0.0
3188:GOOGLEUPDATE.EXE	-1.904336	0.0
1452:GOOGLEUPDATE.EXE	-1.904336	0.0
1984:GOOGLEUPDATE.EXE	-1.904336	0.0
3532:GOOGLEUPDATE.EXE	-1.904336	0.0
5816:GOOGLEUPDATE.EXE	-1.904336	0.0
1608:GOOGLEUPDATE.EXE	-1.904336	0.0
688:GOOGLEUPDATE.EXE	-1.904336	0.0
5288:GOOGLEUPDATE.EXE	-1.904336	0.0
4756:GOOGLEUPDATE.EXE	-1.904336	0.0
4484:GOOGLEUPDATE.EXE	-1.904336	0.0
3708:GOOGLEUPDATE.EXE	-1.904336	0.0
4700:GOOGLEUPDATE.EXE	-1.904336	0.0
3408:GOOGLEUPDATE.EXE	-1.904336	0.0
4176:CONHOST.EXE	-1.904613	0.0
3712:CONHOST.EXE	-1.904613	0.0
3848:CONHOST.EXE	-1.904613	0.0
4544:CONHOST.EXE	-1.905102	0.0
676:CONHOST.EXE	-1.905102	0.0
3984:CONHOST.EXE	-1.905102	0.0
5532:CONHOST.EXE	-1.905102	0.0
1560:CONHOST.EXE	-1.905102	0.0
5956:CONHOST.EXE	-1.905102	0.0
2776:CONHOST.EXE	-1.906382	0.0
2088:CONHOST.EXE	-1.907119	0.0
5100:TASKKILL.EXE	-1.907119	0.0
4256:CONHOST.EXE	-1.907119	0.0
5428:ONEDRIVESETUP.EXE	-1.907119	0.0
5076:PING.EXE	-1.908996	2.0
5476:PING.EXE	-1.908996	2.0
4652:PING.EXE	-1.908996	2.0
5252:PING.EXE	-1.908996	2.0
4684:CONHOST.EXE	-1.911033	0.0
5280:CONHOST.EXE	-1.915549	0.0
4288:CONHOST.EXE	-1.915549	0.0
3848:CMD.EXE	-1.916056	0.0
4820:CMD.EXE	-1.916598	0.0
848:CONHOST.EXE	-1.920102	0.0
3684:CONHOST.EXE	-1.920963	0.0
4832:CONHOST.EXE	-1.920963	0.0
2896:CONHOST.EXE	-1.922226	0.0
2904:CMD.EXE	-1.922977	0.0
5628:CMD.EXE	-1.923097	0.0
4808:CONHOST.EXE	-1.924414	0.0
2596:CONHOST.EXE	-1.928400	0.0
1952:CONHOST.EXE	-1.928400	0.0
5112:CONHOST.EXE	-1.928400	0.0
4168:CONHOST.EXE	-1.928400	0.0
732:CONHOST.EXE	-1.928400	0.0
532:CONHOST.EXE	-1.928400	0.0
5276:CONHOST.EXE	-1.930903	0.0
2508:CMD.EXE	-1.931411	0.0
1324:CONHOST.EXE	-1.933698	0.0
5480:CONHOST.EXE	-1.937546	0.0
5004:CMD.EXE	-1.946057	0.0
2952:CONHOST.EXE	-1.946320	0.0
3264:CONHOST.EXE	-1.949478	0.0
5084:CONHOST.EXE	-1.956395	0.0
2956:QWINSTA.EXE	-1.957678	0.0
3996:QWINSTA.EXE	-1.957678	0.0
256:QWINSTA.EXE	-1.957678	0.0
5660:QWINSTA.EXE	-1.957678	0.0
5224:QWINSTA.EXE	-1.957678	0.0
1436:QWINSTA.EXE	-1.957678	0.0
336:QWINSTA.EXE	-1.957678	0.0
2672:QWINSTA.EXE	-1.957678	0.0
1464:QWINSTA.EXE	-1.957678	0.0
3676:TASKLIST.EXE	-1.957678	0.0
3484:QWINSTA.EXE	-1.957678	0.0
5256:QWINSTA.EXE	-1.957678	0.0
5708:QWINSTA.EXE	-1.957678	0.0
3100:NETSTAT.EXE	-1.957678	0.0
1700:QWINSTA.EXE	-1.957678	0.0
4628:QWINSTA.EXE	-1.957678	0.0
3560:QWINSTA.EXE	-1.957678	0.0
504:QWINSTA.EXE	-1.957678	0.0
5484:ONEDRIVESETUP.EXE	-1.957678	0.0
4868:QWINSTA.EXE	-1.957678	0.0
2116:QWINSTA.EXE	-1.957678	0.0
2476:QWINSTA.EXE	-1.957678	0.0
3820:QWINSTA.EXE	-1.957678	0.0
5636:ONEDRIVESETUP.EXE	-1.957678	0.0
4288:ONEDRIVESETUP.EXE	-1.957678	0.0
5428:QWINSTA.EXE	-1.957678	0.0
3556:CONHOST.EXE	-1.957678	0.0
5004:CONHOST.EXE	-1.957678	0.0
2184:CONHOST.EXE	-1.957678	0.0
5740:QWINSTA.EXE	-1.957678	0.0
5324:QWINSTA.EXE	-1.957678	0.0
1804:QWINSTA.EXE	-1.957678	0.0
696:ACRORD32.EXE	-1.957678	0.0
3572:QWINSTA.EXE	-1.957678	0.0
4884:QWINSTA.EXE	-1.957678	0.0
4876:QWINSTA.EXE	-1.957678	0.0
3116:ONEDRIVESETUP.EXE	-1.957678	0.0
5284:QWINSTA.EXE	-1.957678	0.0
3304:QWINSTA.EXE	-1.957678	0.0
4288:NETSTAT.EXE	-1.957678	0.0
5756:QWINSTA.EXE	-1.957678	0.0
2588:QWINSTA.EXE	-1.957678	0.0
4452:QWINSTA.EXE	-1.957678	0.0
1324:QWINSTA.EXE	-1.957678	0.0
5064:ONEDRIVESETUP.EXE	-1.957678	0.0
3096:QWINSTA.EXE	-1.957678	0.0
5656:CONHOST.EXE	-1.957678	0.0
3892:QWINSTA.EXE	-1.957678	0.0
5568:QWINSTA.EXE	-1.957678	0.0
5440:QWINSTA.EXE	-1.957678	0.0
4976:QWINSTA.EXE	-1.957678	0.0
5516:QWINSTA.EXE	-1.957678	0.0
4788:QWINSTA.EXE	-1.957678	0.0
4352:QWINSTA.EXE	-1.957678	0.0
5772:QWINSTA.EXE	-1.957678	0.0
2944:QWINSTA.EXE	-1.957678	0.0
3080:QWINSTA.EXE	-1.957678	0.0
500:REG.EXE	-1.957678	0.0
4836:QWINSTA.EXE	-1.957678	0.0
5700:ONEDRIVESETUP.EXE	-1.957678	0.0
3820:SCHTASKS.EXE	-1.957678	0.0
3388:QWINSTA.EXE	-1.957678	0.0
4040:QWINSTA.EXE	-1.957678	0.0
2428:QWINSTA.EXE	-1.957678	0.0
2464:QWINSTA.EXE	-1.957678	0.0
1288:QWINSTA.EXE	-1.957678	0.0
6000:CONHOST.EXE	-1.957678	0.0
4624:CONHOST.EXE	-1.957678	0.0
2300:QWINSTA.EXE	-1.957678	0.0
4028:QWINSTA.EXE	-1.957678	0.0
5956:QWINSTA.EXE	-1.957678	0.0
5808:CONHOST.EXE	-1.957678	0.0
2884:QWINSTA.EXE	-1.957678	0.0
3820:ONEDRIVESETUP.EXE	-1.957678	0.0
324:ONEDRIVESETUP.EXE	-1.957678	0.0
3588:CONHOST.EXE	-1.960316	0.0
804:CONHOST.EXE	-1.960316	0.0
2488:CMD.EXE	-1.962646	0.0
5600:FINDSTR.EXE	-1.969939	0.0
4672:CMD.EXE	-1.969939	0.0
2884:CMD.EXE	-1.969939	0.0
4792:CMD.EXE	-1.969939	0.0
3972:TASKLIST.EXE	-1.969939	0.0
4324:CONHOST.EXE	-1.969939	0.0
6060:QWINSTA.EXE	-1.969939	0.0
5452:SCHTASKS.EXE	-1.969939	0.0
5660:CONHOST.EXE	-1.969939	0.0
5920:CONHOST.EXE	-1.969939	0.0
788:TASKLIST.EXE	-1.969939	0.0
4296:CMD.EXE	-1.969939	0.0
2648:FINDSTR.EXE	-1.969939	0.0
1976:DEVICECENSUS.EXE	-1.969939	0.0
4444:SCHTASKS.EXE	-1.969939	0.0
4896:CONHOST.EXE	-1.969939	0.0
5988:CONHOST.EXE	-1.969939	0.0
508:CONHOST.EXE	-1.970209	0.0
5384:CONHOST.EXE	-1.972526	0.0
5996:CMD.EXE	-1.974873	0.0
3292:CONHOST.EXE	-1.976068	0.0
6076:CONHOST.EXE	-1.978919	0.0
5792:SCHTASKS.EXE	-1.982706	0.0
4300:CMD.EXE	-1.985039	0.0
2920:CMD.EXE	-1.985039	0.0
5892:CONHOST.EXE	-1.986070	0.0
3240:QWINSTA.EXE	-1.986070	0.0
1936:CMD.EXE	-1.987168	0.0
252:CONHOST.EXE	-1.987413	0.0
4124:QWINSTA.EXE	-1.989833	0.0
5664:QWINSTA.EXE	-1.989833	0.0
4880:FINDSTR.EXE	-1.989833	0.0
5976:SCHTASKS.EXE	-1.989833	0.0
696:QWINSTA.EXE	-1.989833	0.0
4220:SCHTASKS.EXE	-1.989833	0.0
3332:QWINSTA.EXE	-1.989833	0.0
3572:ONEDRIVESETUP.EXE	-1.989833	0.0
4336:SCHTASKS.EXE	-1.989833	0.0
3644:TASKKILL.EXE	-1.989833	0.0
3244:CMD.EXE	-1.993081	0.0
2888:CONHOST.EXE	-1.994178	0.0
2780:CMD.EXE	-1.997231	0.0
5772:CONHOST.EXE	-1.997802	0.0
5052:CONHOST.EXE	-1.998935	0.0
5324:CONHOST.EXE	-2.001272	0.0
3884:CONHOST.EXE	-2.003152	0.0
3428:CONHOST.EXE	-2.003367	0.0
264:CMD.EXE	-2.004566	0.0
2600:EXPLORER.EXE	-2.006615	0.0
2756:CONHOST.EXE	-2.007367	0.0
2904:CONHOST.EXE	-2.007367	0.0
5544:QWINSTA.EXE	-2.007367	0.0
1928:QWINSTA.EXE	-2.007367	0.0
4936:QWINSTA.EXE	-2.007367	0.0
5864:SCHTASKS.EXE	-2.007367	0.0
5872:CONHOST.EXE	-2.007367	0.0
5920:QWINSTA.EXE	-2.007367	0.0
1888:QWINSTA.EXE	-2.007367	0.0
3364:CONHOST.EXE	-2.008680	0.0
732:SCHTASKS.EXE	-2.008680	0.0
3268:REG.EXE	-2.008680	0.0
3304:CONHOST.EXE	-2.015502	0.0
5884:CONHOST.EXE	-2.017856	0.0
4576:CMD.EXE	-2.017897	0.0
3464:CONHOST.EXE	-2.019704	0.0
3264:CMD.EXE	-2.019773	0.0
5968:CONHOST.EXE	-2.022366	0.0
4920:CONHOST.EXE	-2.022629	0.0
2856:QWINSTA.EXE	-2.027882	0.0
536:CONHOST.EXE	-2.027882	0.0
4560:CONHOST.EXE	-2.027882	0.0
5684:CONHOST.EXE	-2.029432	0.0
1840:CONHOST.EXE	-2.029432	0.0
524:CONHOST.EXE	-2.029432	0.0
912:CMD.EXE	-2.029432	0.0
5472:CONHOST.EXE	-2.029432	0.0
4848:CONHOST.EXE	-2.029432	0.0
5372:CONHOST.EXE	-2.029432	0.0
2432:CONHOST.EXE	-2.029432	0.0
3248:CONHOST.EXE	-2.029432	0.0
1548:CONHOST.EXE	-2.032800	0.0
3952:CONHOST.EXE	-2.032800	0.0
1440:CONHOST.EXE	-2.032800	0.0
180:CONHOST.EXE	-2.032800	0.0
5636:CONHOST.EXE	-2.032800	0.0
3536:CONHOST.EXE	-2.033478	0.0
3652:TASKLIST.EXE	-2.034368	0.0
5720:COMPATTELRUNNER.EXE	-2.035630	0.0
3812:GOOGLEUPDATE.EXE	-2.035630	0.0
3180:GOOGLEUPDATE.EXE	-2.036019	0.0
3676:CONHOST.EXE	-2.044223	0.0
5764:CONHOST.EXE	-2.044778	0.0
3280:CONHOST.EXE	-2.045516	0.0
5808:WINWORD.EXE	-2.046893	0.0
5508:WINSTORE.APP.EXE	-2.046893	0.0
5984:BACKGROUNDTASKHOST.EXE	-2.046893	0.0
2476:CMD.EXE	-2.046893	0.0
832:BACKGROUNDTASKHOST.EXE	-2.046893	0.0
3540:EXCEL.EXE	-2.046893	0.0
3232:EXCEL.EXE	-2.046893	0.0
400:SVCHOST.EXE	-2.046893	0.0
2400:TIWORKER.EXE	-2.046893	0.0
884:TIWORKER.EXE	-2.046893	0.0
3104:PYTHON.EXE	-2.046893	0.0
5204:EXCEL.EXE	-2.046893	0.0
2640:SHELLEXPERIENCEHOST.EXE	-2.046893	0.0
5740:TIWORKER.EXE	-2.046893	0.0
5028:BACKGROUNDTASKHOST.EXE	-2.046893	0.0
4640:SEARCHUI.EXE	-2.046893	0.0
4904:PYTHON.EXE	-2.046893	0.0
5772:CMD.EXE	-2.046893	0.0
1160:TIWORKER.EXE	-2.046893	0.0
4856:RUNTIMEBROKER.EXE	-2.046893	0.0
4740:EXCEL.EXE	-2.046893	0.0
3496:PYTHON.EXE	-2.046893	0.0
5716:SVCHOST.EXE	-2.046893	0.0
1980:TIWORKER.EXE	-2.046893	0.0
5432:BACKGROUNDTASKHOST.EXE	-2.046893	0.0
3676:TIWORKER.EXE	-2.046893	0.0
5180:PYTHON.EXE	-2.046893	0.0
3976:TIWORKER.EXE	-2.046893	0.0
5488:POWERPNT.EXE	-2.046893	0.0
4608:PYTHON.EXE	-2.046893	0.0
2860:PYTHON.EXE	-2.046893	0.0
500:POWERPNT.EXE	-2.046893	0.0
5280:PYTHON.EXE	-2.046893	0.0
5668:EXCEL.EXE	-2.046893	0.0
4756:BACKGROUNDTASKHOST.EXE	-2.046893	0.0
2140:PYTHON.EXE	-2.046893	0.0
2548:TIWORKER.EXE	-2.046893	0.0
1672:TIWORKER.EXE	-2.046893	0.0
4176:PYTHON.EXE	-2.046893	0.0
788:POWERPNT.EXE	-2.046893	0.0
5336:BACKGROUNDTASKHOST.EXE	-2.046893	0.0
5040:PYTHON.EXE	-2.046893	0.0
3268:PYTHON.EXE	-2.046893	0.0
2872:BACKGROUNDTASKHOST.EXE	-2.046893	0.0
5744:POWERPNT.EXE	-2.046893	0.0
1984:BACKGROUNDTASKHOST.EXE	-2.046893	0.0
1780:TIWORKER.EXE	-2.046893	0.0
3700:PYTHON.EXE	-2.046893	0.0
5052:PYTHON.EXE	-2.046893	0.0
3724:SEARCHINDEXER.EXE	-2.046893	0.0
2888:TIWORKER.EXE	-2.046893	0.0
5484:PYTHON.EXE	-2.046893	0.0
2680:WINWORD.EXE	-2.046893	0.0
4496:PYTHON.EXE	-2.046893	0.0
668:POWERPNT.EXE	-2.046893	0.0
2820:PYTHON.EXE	-2.046893	0.0
2712:SEARCHUI.EXE	-2.046893	0.0
4808:BACKGROUNDTASKHOST.EXE	-2.046893	0.0
6076:TIWORKER.EXE	-2.046893	0.0
5288:PYTHON.EXE	-2.046893	0.0
696:BACKGROUNDTASKHOST.EXE	-2.046893	0.0
3820:TIWORKER.EXE	-2.046893	0.0
1424:WINWORD.EXE	-2.046893	0.0
4980:TIWORKER.EXE	-2.046893	0.0
4284:EXCEL.EXE	-2.046893	0.0
532:BACKGROUNDTASKHOST.EXE	-2.046893	0.0
5816:BACKGROUNDTASKHOST.EXE	-2.046893	0.0
3100:WINWORD.EXE	-2.046893	0.0
1724:TASKHOSTW.EXE	-2.046893	0.0
524:PYTHON.EXE	-2.046893	0.0
2440:TIWORKER.EXE	-2.046893	0.0
3980:PYTHON.EXE	-2.046893	0.0
4852:TIWORKER.EXE	-2.046893	0.0
6008:BACKGROUNDTASKHOST.EXE	-2.046893	0.0
908:PYTHON.EXE	-2.046893	0.0
5628:EXCEL.EXE	-2.046893	0.0
5988:BACKGROUNDTASKHOST.EXE	-2.046893	0.0
4724:BACKGROUNDTASKHOST.EXE	-2.046893	0.0
4984:TIWORKER.EXE	-2.046893	0.0
640:WINWORD.EXE	-2.046893	0.0
4336:PYTHON.EXE	-2.046893	0.0
2416:TIWORKER.EXE	-2.046893	0.0
2708:CMD.EXE	-2.046893	0.0
1224:POWERPNT.EXE	-2.046893	0.0
4792:POWERPNT.EXE	-2.046893	0.0
4880:PYTHON.EXE	-2.046893	0.0
5148:CMD.EXE	-2.046893	0.0
3536:PYTHON.EXE	-2.046893	0.0
640:PYTHON.EXE	-2.046893	0.0
560:SERVICES.EXE	-2.046893	0.0
1424:TIWORKER.EXE	-2.046893	0.0
3132:SEARCHUI.EXE	-2.046893	0.0
2416:POWERPNT.EXE	-2.046893	0.0
5852:PYTHON.EXE	-2.046893	0.0
660:SVCHOST.EXE	-2.046893	0.0
3392:TIWORKER.EXE	-2.046893	0.0
2184:CMD.EXE	-2.047733	0.0
5064:CONHOST.EXE	-2.047815	0.0
4312:CONHOST.EXE	-2.047815	0.0
5420:CONHOST.EXE	-2.048469	0.0
264:CONHOST.EXE	-2.048469	0.0
5804:CONHOST.EXE	-2.048469	0.0
260:CONHOST.EXE	-2.048469	0.0
4504:CONHOST.EXE	-2.048469	0.0
788:CONHOST.EXE	-2.048469	0.0
3532:CONHOST.EXE	-2.048469	0.0
3256:CONHOST.EXE	-2.052155	0.0
5852:CONHOST.EXE	-2.052857	0.0
2736:CONHOST.EXE	-2.052857	0.0
908:CONHOST.EXE	-2.052857	0.0
1316:CONHOST.EXE	-2.052857	0.0
4000:CONHOST.EXE	-2.052857	0.0
5424:CONHOST.EXE	-2.052857	0.0
1796:CONHOST.EXE	-2.052857	0.0
2820:CONHOST.EXE	-2.052857	0.0
2772:CONHOST.EXE	-2.052857	0.0
4968:CONHOST.EXE	-2.054082	0.0
3636:CONHOST.EXE	-2.059897	0.0
2392:CONHOST.EXE	-2.060285	0.0
2968:CONHOST.EXE	-2.062383	0.0
3360:CONHOST.EXE	-2.062595	0.0
4128:CONHOST.EXE	-2.065981	0.0
5228:CONHOST.EXE	-2.066723	0.0
3568:CONHOST.EXE	-2.068716	0.0
4916:CONHOST.EXE	-2.068867	0.0
6068:CMD.EXE	-2.070337	0.0
5512:CONHOST.EXE	-2.071190	0.0
2248:CMD.EXE	-2.076207	0.0
4740:CMD.EXE	-2.076207	0.0
4572:CMD.EXE	-2.076207	0.0
4304:CONHOST.EXE	-2.078166	0.0
2440:CONHOST.EXE	-2.078166	0.0
4484:CONHOST.EXE	-2.078166	0.0
1228:CMD.EXE	-2.078232	0.0
1512:CMD.EXE	-2.078232	0.0
3292:CMD.EXE	-2.078232	0.0
1192:CMD.EXE	-2.078232	0.0
3224:CMD.EXE	-2.078232	0.0
4632:CMD.EXE	-2.078232	0.0
5288:CMD.EXE	-2.078232	0.0
2632:CMD.EXE	-2.078232	0.0
3428:CMD.EXE	-2.078232	0.0
5976:CMD.EXE	-2.078232	0.0
500:CMD.EXE	-2.078232	0.0
4844:CMD.EXE	-2.078232	0.0
5852:CMD.EXE	-2.078232	0.0
4460:CMD.EXE	-2.078232	0.0
5376:CMD.EXE	-2.078232	0.0
928:CMD.EXE	-2.078737	0.0
1104:CMD.EXE	-2.078737	0.0
1640:CMD.EXE	-2.079039	0.0
652:CONHOST.EXE	-2.080493	0.0
4724:CMD.EXE	-2.080609	0.0
6036:CMD.EXE	-2.080609	0.0
3792:CMD.EXE	-2.080609	0.0
5904:CMD.EXE	-2.080609	0.0
2672:CMD.EXE	-2.080609	0.0
3180:CMD.EXE	-2.080609	0.0
3896:CMD.EXE	-2.080609	0.0
3976:CMD.EXE	-2.080609	0.0
4512:CMD.EXE	-2.080609	0.0
3684:CMD.EXE	-2.080609	0.0
2540:CMD.EXE	-2.080609	0.0
2160:CMD.EXE	-2.080609	0.0
5564:CMD.EXE	-2.080609	0.0
688:CMD.EXE	-2.080609	0.0
5420:CMD.EXE	-2.080609	0.0
5444:CMD.EXE	-2.080609	0.0
5192:CMD.EXE	-2.080609	0.0
2684:CMD.EXE	-2.080609	0.0
1464:CMD.EXE	-2.080609	0.0
6004:CMD.EXE	-2.080609	0.0
3200:CMD.EXE	-2.080609	0.0
1592:CMD.EXE	-2.080609	0.0
4452:CMD.EXE	-2.080609	0.0
2824:CMD.EXE	-2.080609	0.0
2540:CONHOST.EXE	-2.081052	0.0
932:CMD.EXE	-2.081965	0.0
1588:CMD.EXE	-2.083459	0.0
1664:CMD.EXE	-2.083459	0.0
860:CMD.EXE	-2.083459	0.0
5512:CMD.EXE	-2.083459	0.0
4140:CMD.EXE	-2.083459	0.0
5328:CMD.EXE	-2.083459	0.0
2596:CMD.EXE	-2.083459	0.0
1108:CMD.EXE	-2.083459	0.0
4232:CMD.EXE	-2.083459	0.0
4852:CMD.EXE	-2.083459	0.0
2732:CMD.EXE	-2.083459	0.0
6088:CMD.EXE	-2.083459	0.0
3304:CMD.EXE	-2.083459	0.0
5920:CMD.EXE	-2.083459	0.0
3120:CMD.EXE	-2.083459	0.0
5344:CMD.EXE	-2.083459	0.0
3272:CMD.EXE	-2.083459	0.0
4196:CMD.EXE	-2.083459	0.0
3380:CMD.EXE	-2.083459	0.0
6096:CMD.EXE	-2.083459	0.0
3176:CMD.EXE	-2.083459	0.0
4680:CMD.EXE	-2.083459	0.0
1424:CMD.EXE	-2.083459	0.0
584:CMD.EXE	-2.083459	0.0
5308:CMD.EXE	-2.083459	0.0
4080:CMD.EXE	-2.083459	0.0
5892:CMD.EXE	-2.083459	0.0
3816:CMD.EXE	-2.083459	0.0
1484:CMD.EXE	-2.083459	0.0
2412:CMD.EXE	-2.083459	0.0
2848:CMD.EXE	-2.083459	0.0
4132:CMD.EXE	-2.083459	0.0
692:CMD.EXE	-2.083459	0.0
4320:CMD.EXE	-2.083459	0.0
4556:CMD.EXE	-2.083459	0.0
5640:CMD.EXE	-2.083459	0.0
4676:CMD.EXE	-2.083459	0.0
1324:CMD.EXE	-2.083459	0.0
1912:CMD.EXE	-2.083459	0.0
168:CMD.EXE	-2.083459	0.0
3164:CMD.EXE	-2.083459	0.0
2432:CMD.EXE	-2.083459	0.0
1224:CMD.EXE	-2.083459	0.0
3256:CMD.EXE	-2.083459	0.0
6060:CMD.EXE	-2.083459	0.0
4244:CMD.EXE	-2.083459	0.0
5884:CMD.EXE	-2.083459	0.0
3340:CMD.EXE	-2.083459	0.0
1448:CMD.EXE	-2.083459	0.0
3924:CMD.EXE	-2.083459	0.0
5280:CMD.EXE	-2.083459	0.0
3952:CMD.EXE	-2.083459	0.0
5084:CMD.EXE	-2.083459	0.0
5480:CMD.EXE	-2.083459	0.0
5956:CMD.EXE	-2.083459	0.0
2992:CMD.EXE	-2.083459	0.0
5428:CMD.EXE	-2.083459	0.0
5528:CMD.EXE	-2.083459	0.0
5264:CONHOST.EXE	-2.084043	0.0
5632:CMD.EXE	-2.085121	0.0
5880:CMD.EXE	-2.085121	0.0
4528:CMD.EXE	-2.085121	0.0
1120:CMD.EXE	-2.086233	0.0
1476:GOOGLEUPDATE.EXE	-2.086233	0.0
1120:GOOGLEUPDATE.EXE	-2.086233	0.0
5360:SPPSVC.EXE	-2.086233	0.0
2160:TIWORKER.EXE	-2.086233	0.0
1916:GOOGLEUPDATE.EXE	-2.086233	0.0
2476:PYTHON.EXE	-2.086233	0.0
3308:CONHOST.EXE	-2.086423	0.0
5100:CMD.EXE	-2.086988	0.0
2772:CMD.EXE	-2.086988	0.0
2616:CMD.EXE	-2.086988	0.0
256:CMD.EXE	-2.086988	0.0
908:CMD.EXE	-2.086988	0.0
4688:CMD.EXE	-2.086988	0.0
5112:CMD.EXE	-2.086988	0.0
3820:CMD.EXE	-2.086988	0.0
1476:CMD.EXE	-2.086988	0.0
5644:CMD.EXE	-2.086988	0.0
1516:CMD.EXE	-2.086988	0.0
5432:CMD.EXE	-2.086988	0.0
3188:CMD.EXE	-2.086988	0.0
384:CMD.EXE	-2.086988	0.0
5460:CMD.EXE	-2.086988	0.0
3972:CMD.EXE	-2.086988	0.0
4072:CMD.EXE	-2.086988	0.0
76:CMD.EXE	-2.086988	0.0
676:CMD.EXE	-2.086988	0.0
4432:CMD.EXE	-2.086988	0.0
3708:CMD.EXE	-2.086988	0.0
2768:CMD.EXE	-2.086988	0.0
3392:CMD.EXE	-2.086988	0.0
5664:CMD.EXE	-2.086988	0.0
5588:CMD.EXE	-2.086988	0.0
3552:CMD.EXE	-2.086988	0.0
4484:CMD.EXE	-2.086988	0.0
2700:CMD.EXE	-2.086988	0.0
5024:CMD.EXE	-2.086988	0.0
4180:CMD.EXE	-2.086988	0.0
4240:CMD.EXE	-2.086988	0.0
5992:CMD.EXE	-2.086988	0.0
5912:CMD.EXE	-2.086988	0.0
4756:CMD.EXE	-2.086988	0.0
3592:CMD.EXE	-2.086988	0.0
5028:CMD.EXE	-2.086988	0.0
2944:CMD.EXE	-2.086988	0.0
708:CMD.EXE	-2.086988	0.0
5360:CMD.EXE	-2.086988	0.0
3968:CMD.EXE	-2.086988	0.0
2268:CMD.EXE	-2.086988	0.0
3220:CMD.EXE	-2.086988	0.0
252:CMD.EXE	-2.086988	0.0
5160:CMD.EXE	-2.086988	0.0
800:CMD.EXE	-2.086988	0.0
3312:CMD.EXE	-2.086988	0.0
5040:CMD.EXE	-2.086988	0.0
4184:CMD.EXE	-2.086988	0.0
5836:CMD.EXE	-2.086988	0.0
6108:CMD.EXE	-2.086988	0.0
4920:CMD.EXE	-2.086988	0.0
3236:CMD.EXE	-2.086988	0.0
3456:CMD.EXE	-2.086988	0.0
4880:CMD.EXE	-2.086988	0.0
856:CMD.EXE	-2.086988	0.0
3276:CMD.EXE	-2.086988	0.0
736:CMD.EXE	-2.086988	0.0
2036:CMD.EXE	-2.086988	0.0
5692:CMD.EXE	-2.086988	0.0
5544:CMD.EXE	-2.086988	0.0
3900:CMD.EXE	-2.086988	0.0
2556:CMD.EXE	-2.086988	0.0
4168:CMD.EXE	-2.086988	0.0
624:CMD.EXE	-2.086988	0.0
240:CMD.EXE	-2.086988	0.0
5972:CMD.EXE	-2.086988	0.0
4336:CMD.EXE	-2.086988	0.0
3764:CMD.EXE	-2.086988	0.0
5572:CMD.EXE	-2.086988	0.0
632:CMD.EXE	-2.086988	0.0
4904:CMD.EXE	-2.086988	0.0
620:CMD.EXE	-2.086988	0.0
3568:CMD.EXE	-2.086988	0.0
2676:CMD.EXE	-2.086988	0.0
6140:CMD.EXE	-2.086988	0.0
5448:CMD.EXE	-2.086988	0.0
3100:CMD.EXE	-2.086988	0.0
3696:CMD.EXE	-2.086988	0.0
4596:CMD.EXE	-2.086988	0.0
6080:CMD.EXE	-2.086988	0.0
3472:CMD.EXE	-2.086988	0.0
5016:CMD.EXE	-2.086988	0.0
644:CMD.EXE	-2.086988	0.0
5184:CMD.EXE	-2.086988	0.0
2580:CMD.EXE	-2.086988	0.0
3112:CMD.EXE	-2.086988	0.0
5680:CONHOST.EXE	-2.088838	0.0
4100:CMD.EXE	-2.089119	0.0
4936:CMD.EXE	-2.089119	0.0
1488:CMD.EXE	-2.089119	0.0
4604:CMD.EXE	-2.089119	0.0
4888:CMD.EXE	-2.089119	0.0
1780:CMD.EXE	-2.089119	0.0
696:CMD.EXE	-2.089119	0.0
992:CMD.EXE	-2.089119	0.0
3080:CMD.EXE	-2.089719	0.0
2712:CMD.EXE	-2.091608	0.0
732:CMD.EXE	-2.091608	0.0
4404:CMD.EXE	-2.091608	0.0
5188:CMD.EXE	-2.091608	0.0
5864:CMD.EXE	-2.091608	0.0
712:CMD.EXE	-2.091608	0.0
2736:CMD.EXE	-2.091608	0.0
5620:SVCHOST.EXE	-2.091608	0.0
2524:CMD.EXE	-2.091608	0.0
3424:SVCHOST.EXE	-2.091608	0.0
4976:SEARCHFILTERHOST.EXE	-2.091608	0.0
844:CMD.EXE	-2.091608	0.0
536:CMD.EXE	-2.091608	0.0
5440:CMD.EXE	-2.091608	0.0
5796:CMD.EXE	-2.091608	0.0
1952:SVCHOST.EXE	-2.091608	0.0
3572:SVCHOST.EXE	-2.091608	0.0
1672:CMD.EXE	-2.091608	0.0
3240:CMD.EXE	-2.091608	0.0
2532:CMD.EXE	-2.091608	0.0
3832:CMD.EXE	-2.091608	0.0
5032:CMD.EXE	-2.091608	0.0
2396:CMD.EXE	-2.091608	0.0
4856:CMD.EXE	-2.091608	0.0
3464:SEARCHFILTERHOST.EXE	-2.091608	0.0
1072:CMD.EXE	-2.091608	0.0
3948:SVCHOST.EXE	-2.091608	0.0
3384:CMD.EXE	-2.091608	0.0
1528:CMD.EXE	-2.091608	0.0
4520:CMD.EXE	-2.091608	0.0
5272:CMD.EXE	-2.091608	0.0
2952:CMD.EXE	-2.091608	0.0
5760:CMD.EXE	-2.091608	0.0
4388:CMD.EXE	-2.091608	0.0
5080:CMD.EXE	-2.091608	0.0
3096:CMD.EXE	-2.091608	0.0
840:CMD.EXE	-2.091608	0.0
1692:CMD.EXE	-2.091608	0.0
136:CMD.EXE	-2.091608	0.0
4316:SVCHOST.EXE	-2.091608	0.0
2996:SVCHOST.EXE	-2.091608	0.0
588:CMD.EXE	-2.091608	0.0
1804:CMD.EXE	-2.091608	0.0
804:SVCHOST.EXE	-2.091608	0.0
3296:CMD.EXE	-2.091608	0.0
4652:CMD.EXE	-2.091608	0.0
4316:CMD.EXE	-2.091608	0.0
2492:CMD.EXE	-2.091608	0.0
3960:CMD.EXE	-2.091608	0.0
4108:CMD.EXE	-2.091608	0.0
324:CMD.EXE	-2.091608	0.0
3956:CMD.EXE	-2.091608	0.0
5464:CMD.EXE	-2.091608	0.0
5556:CMD.EXE	-2.091608	0.0
4080:TASKHOSTW.EXE	-2.091608	0.0
5792:CMD.EXE	-2.091608	0.0
2928:CMD.EXE	-2.091608	0.0
5684:CMD.EXE	-2.091608	0.0
5548:CMD.EXE	-2.091608	0.0
3216:CMD.EXE	-2.091608	0.0
4772:CMD.EXE	-2.091608	0.0
5748:CMD.EXE	-2.091608	0.0
5720:PING.EXE	-2.091608	0.0
5700:CMD.EXE	-2.091608	0.0
5020:CMD.EXE	-2.091608	0.0
5436:CMD.EXE	-2.091608	0.0
3400:CMD.EXE	-2.091608	0.0
2580:TASKHOSTW.EXE	-2.091608	0.0
5284:CMD.EXE	-2.091608	0.0
2888:CMD.EXE	-2.091608	0.0
3092:CMD.EXE	-2.091608	0.0
3288:CMD.EXE	-2.091608	0.0
5952:CMD.EXE	-2.091608	0.0
2152:SEARCHFILTERHOST.EXE	-2.091608	0.0
4940:CMD.EXE	-2.091608	0.0
4836:CMD.EXE	-2.091608	0.0
5736:CMD.EXE	-2.091608	0.0
3024:CMD.EXE	-2.091608	0.0
3032:SVCHOST.EXE	-2.091608	0.0
1688:CMD.EXE	-2.091608	0.0
5292:CMD.EXE	-2.091608	0.0
5008:CMD.EXE	-2.091608	0.0
5484:CMD.EXE	-2.091608	0.0
4564:CMD.EXE	-2.091608	0.0
1076:CMD.EXE	-2.091608	0.0
4476:CMD.EXE	-2.091608	0.0
4628:CMD.EXE	-2.091608	0.0
1288:CMD.EXE	-2.091608	0.0
1300:CMD.EXE	-2.091608	0.0
5656:CMD.EXE	-2.091608	0.0
2056:CMD.EXE	-2.091608	0.0
5168:CMD.EXE	-2.091608	0.0
888:CMD.EXE	-2.091608	0.0
4324:CMD.EXE	-2.091608	0.0
4896:CMD.EXE	-2.091608	0.0
1156:CMD.EXE	-2.091608	0.0
3364:CMD.EXE	-2.091608	0.0
1164:CMD.EXE	-2.091608	0.0
3116:CMD.EXE	-2.091608	0.0
4224:CMD.EXE	-2.091608	0.0
5260:CMD.EXE	-2.091608	0.0
5492:CMD.EXE	-2.091608	0.0
196:CMD.EXE	-2.091608	0.0
5176:CMD.EXE	-2.091608	0.0
4976:CMD.EXE	-2.091608	0.0
2220:CMD.EXE	-2.091608	0.0
5888:CMD.EXE	-2.091608	0.0
5524:CMD.EXE	-2.091608	0.0
5720:CMD.EXE	-2.091608	0.0
2656:CMD.EXE	-2.091608	0.0
4128:CMD.EXE	-2.091608	0.0
3532:CMD.EXE	-2.091608	0.0
3868:CMD.EXE	-2.091608	0.0
1548:CMD.EXE	-2.091608	0.0
2872:CMD.EXE	-2.091608	0.0
5840:CMD.EXE	-2.091608	0.0
5228:CMD.EXE	-2.091608	0.0
3104:CMD.EXE	-2.091608	0.0
2740:CMD.EXE	-2.091608	0.0
1440:CMD.EXE	-2.091608	0.0
4984:CMD.EXE	-2.091608	0.0
2688:CMD.EXE	-2.091608	0.0
2608:CMD.EXE	-2.091608	0.0
472:CMD.EXE	-2.091608	0.0
888:TASKHOSTW.EXE	-2.091608	0.0
4420:CMD.EXE	-2.091608	0.0
5924:CMD.EXE	-2.091608	0.0
2548:CMD.EXE	-2.091608	0.0
3588:CMD.EXE	-2.091608	0.0
5832:CMD.EXE	-2.091608	0.0
912:TASKHOSTW.EXE	-2.091608	0.0
3108:CMD.EXE	-2.091608	0.0
4768:CMD.EXE	-2.091608	0.0
96:CMD.EXE	-2.091608	0.0
1004:CMD.EXE	-2.091608	0.0
5388:CMD.EXE	-2.091608	0.0
3056:CMD.EXE	-2.091608	0.0
3408:CMD.EXE	-2.094624	0.0
3148:CMD.EXE	-2.094624	0.0
4876:CMD.EXE	-2.094624	0.0
1684:CMD.EXE	-2.094624	0.0
2520:CMD.EXE	-2.094624	0.0
5536:CMD.EXE	-2.094624	0.0
5476:CMD.EXE	-2.094624	0.0
2152:CMD.EXE	-2.094624	0.0
4120:CMD.EXE	-2.094624	0.0
1952:CMD.EXE	-2.094624	0.0
4284:CMD.EXE	-2.094624	0.0
3768:CMD.EXE	-2.094624	0.0
1648:CMD.EXE	-2.094624	0.0
1808:CMD.EXE	-2.094624	0.0
804:CMD.EXE	-2.094624	0.0
5424:CMD.EXE	-2.094624	0.0
2812:CMD.EXE	-2.094624	0.0
3388:CMD.EXE	-2.094624	0.0
3996:CMD.EXE	-2.094624	0.0
2088:CMD.EXE	-2.094624	0.0
5452:CMD.EXE	-2.094624	0.0
5716:CMD.EXE	-2.094624	0.0
3360:CMD.EXE	-2.094624	0.0
320:CMD.EXE	-2.094624	0.0
3032:CMD.EXE	-2.094624	0.0
4712:CMD.EXE	-2.094624	0.0
272:CMD.EXE	-2.094624	0.0
5636:CMD.EXE	-2.094708	0.0
3520:CMD.EXE	-2.095799	0.0
3404:CMD.EXE	-2.095799	0.0
520:CMD.EXE	-2.095799	0.0
4716:CMD.EXE	-2.095800	0.0
4292:CMD.EXE	-2.095800	0.0
3520:FIREFOX.EXE	-2.096886	0.0
5000:ONEDRIVE.EXE	-2.096886	0.0
2960:CMD.EXE	-2.098536	0.0
3700:CMD.EXE	-2.098536	0.0
4716:SVCHOST.EXE	-2.098536	0.0
4864:SVCHOST.EXE	-2.098536	0.0
6020:CMD.EXE	-2.098536	0.0
2416:SVCHOST.EXE	-2.098536	0.0
1636:CMD.EXE	-2.098536	0.0
512:CMD.EXE	-2.098536	0.0
5184:SVCHOST.EXE	-2.098536	0.0
708:SVCHOST.EXE	-2.098536	0.0
5880:SVCHOST.EXE	-2.098536	0.0
4868:CMD.EXE	-2.098536	0.0
1628:TASKHOSTW.EXE	-2.098536	0.0
5148:TIWORKER.EXE	-2.098536	0.0
1344:CMD.EXE	-2.098536	0.0
1304:CMD.EXE	-2.098536	0.0
5256:CMD.EXE	-2.098536	0.0
1196:GOOGLEUPDATE.EXE	-2.098536	0.0
5748:PING.EXE	-2.098536	0.0
5764:TASKHOSTW.EXE	-2.098536	0.0
3644:CMD.EXE	-2.098536	0.0
3308:TRUSTEDINSTALLER.EXE	-2.098536	0.0
3556:SVCHOST.EXE	-2.098536	0.0
5324:CMD.EXE	-2.098536	0.0
2384:PING.EXE	-2.098536	0.0
5752:CMD.EXE	-2.098536	0.0
2888:PING.EXE	-2.098536	0.0
5720:SEARCHFILTERHOST.EXE	-2.098536	0.0
4512:TASKHOSTW.EXE	-2.098536	0.0
2548:SVCHOST.EXE	-2.098536	0.0
4644:SEARCHPROTOCOLHOST.EXE	-2.098536	0.0
4000:DLLHOST.EXE	-2.098536	0.0
1804:DLLHOST.EXE	-2.098536	0.0
5512:REGEDIT.EXE	-2.098536	0.0
320:CONSENT.EXE	-2.098536	0.0
860:MSOIA.EXE	-2.098536	0.0
1440:DLLHOST.EXE	-2.098536	0.0
3304:SVCHOST.EXE	-2.098536	0.0
2664:SEARCHFILTERHOST.EXE	-2.098536	0.0
1476:GPUPDATE.EXE	-2.098536	0.0
80:PING.EXE	-2.098536	0.0
2916:CMD.EXE	-2.098536	0.0
5284:DLLHOST.EXE	-2.098536	0.0
2740:TASKHOSTW.EXE	-2.098536	0.0
1692:SVCHOST.EXE	-2.098536	0.0
3812:TIWORKER.EXE	-2.098536	0.0
2732:SC.EXE	-2.098536	0.0
1440:TRUSTEDINSTALLER.EXE	-2.098536	0.0
2584:CMD.EXE	-2.098536	0.0
4164:CMD.EXE	-2.098536	0.0
5964:CMD.EXE	-2.098536	0.0
5524:GOOGLEUPDATE.EXE	-2.098536	0.0
5476:SVCHOST.EXE	-2.098536	0.0
5336:CMD.EXE	-2.098536	0.0
5636:GOOGLEUPDATE.EXE	-2.098536	0.0
5136:GPUPDATE.EXE	-2.098536	0.0
3268:GOOGLEUPDATE.EXE	-2.098536	0.0
5968:SEARCHPROTOCOLHOST.EXE	-2.098536	0.0
2608:TIWORKER.EXE	-2.098536	0.0
76:SEARCHPROTOCOLHOST.EXE	-2.098536	0.0
5432:SEARCHFILTERHOST.EXE	-2.098536	0.0
3204:CMD.EXE	-2.098536	0.0
5420:SVCHOST.EXE	-2.098536	0.0
5460:GPUPDATE.EXE	-2.098536	0.0
3012:CMD.EXE	-2.098536	0.0
4012:GPUPDATE.EXE	-2.098536	0.0
5008:TASKHOSTW.EXE	-2.098536	0.0
6020:SEARCHPROTOCOLHOST.EXE	-2.098536	0.0
5632:SVCHOST.EXE	-2.098536	0.0
5868:CMD.EXE	-2.098536	0.0
5060:GPUPDATE.EXE	-2.098536	0.0
4128:SVCHOST.EXE	-2.098536	0.0
5676:TASKHOSTW.EXE	-2.098536	0.0
5828:SEARCHFILTERHOST.EXE	-2.098536	0.0
4700:BACKGROUNDTASKHOST.EXE	-2.098536	0.0
5216:SMARTSCREEN.EXE	-2.098536	0.0
1324:SEARCHPROTOCOLHOST.EXE	-2.098536	0.0
5852:SEARCHPROTOCOLHOST.EXE	-2.098536	0.0
5144:SEARCHFILTERHOST.EXE	-2.098536	0.0
1640:PYTHON.EXE	-2.098536	0.0
2944:INSTALLAGENT.EXE	-2.098536	0.0
4180:USOCLIENT.EXE	-2.098536	0.0
4132:TASKHOSTW.EXE	-2.098536	0.0
3848:SVCHOST.EXE	-2.098536	0.0
2448:SEARCHPROTOCOLHOST.EXE	-2.098536	0.0
4752:CMD.EXE	-2.098536	0.0
3984:SVCHOST.EXE	-2.098536	0.0
4744:TASKHOSTW.EXE	-2.098536	0.0
360:SEARCHFILTERHOST.EXE	-2.098536	0.0
3396:CMD.EXE	-2.098536	0.0
5084:SEARCHFILTERHOST.EXE	-2.098536	0.0
4780:SVCHOST.EXE	-2.098536	0.0
2956:SEARCHFILTERHOST.EXE	-2.098536	0.0
4544:GPUPDATE.EXE	-2.098536	0.0
5832:SVCHOST.EXE	-2.098536	0.0
6120:TASKHOSTW.EXE	-2.098536	0.0
848:CMD.EXE	-2.098536	0.0
5828:CMD.EXE	-2.098536	0.0
2588:CMD.EXE	-2.098536	0.0
2872:SPEECHMODELDOWNLOAD.EXE	-2.098536	0.0
2400:CMD.EXE	-2.098536	0.0
4184:SEARCHPROTOCOLHOST.EXE	-2.098536	0.0
2312:CMD.EXE	-2.098536	0.0
5412:CMD.EXE	-2.098536	0.0
1088:WSQMCONS.EXE	-2.098536	0.0
2740:SVCHOST.EXE	-2.098536	0.0
5264:CMD.EXE	-2.098536	0.0
5132:CMD.EXE	-2.098536	0.0
4616:CMD.EXE	-2.098536	0.0
3080:GOOGLEUPDATE.EXE	-2.098536	0.0
3144:SVCHOST.EXE	-2.098536	0.0
5664:GOOGLEUPDATE.EXE	-2.098536	0.0
336:CMD.EXE	-2.098536	0.0
4684:CMD.EXE	-2.098536	0.0
6084:CMD.EXE	-2.098536	0.0
4444:GPUPDATE.EXE	-2.098536	0.0
3312:SVCHOST.EXE	-2.098536	0.0
2984:SVCHOST.EXE	-2.098536	0.0
5772:SEARCHFILTERHOST.EXE	-2.098536	0.0
4820:SEARCHPROTOCOLHOST.EXE	-2.098536	0.0
5532:CMD.EXE	-2.098536	0.0
2088:BACKGROUNDTASKHOST.EXE	-2.098536	0.0
4816:SEARCHFILTERHOST.EXE	-2.098536	0.0
3896:SVCHOST.EXE	-2.098536	0.0
676:SEARCHPROTOCOLHOST.EXE	-2.098536	0.0
6076:CMD.EXE	-2.098536	0.0
2340:CMD.EXE	-2.098536	0.0
3360:TASKHOSTW.EXE	-2.098536	0.0
4576:TRUSTEDINSTALLER.EXE	-2.098536	0.0
3220:SVCHOST.EXE	-2.098536	0.0
3288:SEARCHPROTOCOLHOST.EXE	-2.098536	0.0
4864:CMD.EXE	-2.098536	0.0
2268:SEARCHFILTERHOST.EXE	-2.098536	0.0
3048:GOOGLEUPDATE.EXE	-2.098536	0.0
5984:SVCHOST.EXE	-2.098536	0.0
3464:CMD.EXE	-2.098536	0.0
264:TASKHOSTW.EXE	-2.098536	0.0
4404:PING.EXE	-2.098536	0.0
2640:CMD.EXE	-2.098536	0.0
496:CMD.EXE	-2.098536	0.0
3332:SVCHOST.EXE	-2.098536	0.0
6004:SVCHOST.EXE	-2.098536	0.0
920:CMD.EXE	-2.098536	0.0
3460:CMD.EXE	-2.098536	0.0
3408:SEARCHPROTOCOLHOST.EXE	-2.098536	0.0
4196:SEARCHFILTERHOST.EXE	-2.098536	0.0
3100:SVCHOST.EXE	-2.098536	0.0
1284:CMD.EXE	-2.098536	0.0
1900:PING.EXE	-2.098536	0.0
5680:PING.EXE	-2.098536	0.0
1196:TASKHOSTW.EXE	-2.098536	0.0
5496:INSTALLAGENT.EXE	-2.098536	0.0
3472:SPLWOW64.EXE	-2.098536	0.0
3488:COREDPUSSVR.EXE	-2.098536	0.0
1840:APPLICATIONFRAMEHOST.EXE	-2.098536	0.0
4760:CMD.EXE	-2.098536	0.0
3108:PING.EXE	-2.098536	0.0
2820:INSTALLAGENT.EXE	-2.098536	0.0
2096:BACKGROUNDTASKHOST.EXE	-2.098536	0.0
3152:CMD.EXE	-2.098536	0.0
4840:PING.EXE	-2.098536	0.0
2848:PING.EXE	-2.098536	0.0
3984:CMD.EXE	-2.098536	0.0
5828:DLLHOST.EXE	-2.098536	0.0
4916:MSOIA.EXE	-2.098536	0.0
5496:CMD.EXE	-2.098536	0.0
5216:SVCHOST.EXE	-2.098536	0.0
4920:MSOIA.EXE	-2.098536	0.0
6120:CMD.EXE	-2.098536	0.0
2428:CMD.EXE	-2.098536	0.0
2736:RUNDLL32.EXE	-2.098536	0.0
4924:CMD.EXE	-2.098536	0.0
5892:SEARCHPROTOCOLHOST.EXE	-2.098536	0.0
5604:HELPER.EXE	-2.098536	0.0
5876:CMD.EXE	-2.098536	0.0
4692:CMD.EXE	-2.098536	0.0
3248:DSREGCMD.EXE	-2.098536	0.0
192:CMD.EXE	-2.098536	0.0
5328:DLLHOST.EXE	-2.098536	0.0
2936:CMD.EXE	-2.098536	0.0
4728:CMD.EXE	-2.098536	0.0
1360:CMD.EXE	-2.098536	0.0
6024:CMD.EXE	-2.098536	0.0
3408:TASKHOSTW.EXE	-2.098536	0.0
4072:PING.EXE	-2.098536	0.0
3364:PING.EXE	-2.098536	0.0
5320:PING.EXE	-2.098536	0.0
3420:PING.EXE	-2.098536	0.0
1016:CMD.EXE	-2.098536	0.0
500:PING.EXE	-2.098536	0.0
5932:CMD.EXE	-2.098536	0.0
5260:SVCHOST.EXE	-2.098536	0.0
3988:CMD.EXE	-2.098536	0.0
5764:CMD.EXE	-2.098536	0.0
2600:CMD.EXE	-2.098536	0.0
3652:GOOGLEUPDATE.EXE	-2.098536	0.0
5220:CMD.EXE	-2.098536	0.0
2160:SVCHOST.EXE	-2.098536	0.0
5096:CMD.EXE	-2.098536	0.0
4884:PING.EXE	-2.098536	0.0
6072:CMD.EXE	-2.098536	0.0
1648:PING.EXE	-2.098536	0.0
3092:PING.EXE	-2.098536	0.0
1852:SVCHOST.EXE	-2.098536	0.0
4008:CMD.EXE	-2.098536	0.0
5508:CMD.EXE	-2.098536	0.0
2528:SVCHOST.EXE	-2.098536	0.0
5584:CMD.EXE	-2.098536	0.0
876:SEARCHFILTERHOST.EXE	-2.098536	0.0
480:SEARCHPROTOCOLHOST.EXE	-2.098536	0.0
3576:CMD.EXE	-2.098536	0.0
3192:PING.EXE	-2.098536	0.0
2636:PING.EXE	-2.098536	0.0
4784:CMD.EXE	-2.098536	0.0
136:PING.EXE	-2.098536	0.0
5640:DLLHOST.EXE	-2.098536	0.0
832:CMD.EXE	-2.098536	0.0
800:PING.EXE	-2.098536	0.0
3636:PING.EXE	-2.098536	0.0
3604:MOBSYNC.EXE	-2.098536	0.0
772:SMARTSCREEN.EXE	-2.098536	0.0
596:TASKHOSTW.EXE	-2.098536	0.0
1624:PING.EXE	-2.098536	0.0
4352:PING.EXE	-2.098536	0.0
2496:CMD.EXE	-2.098536	0.0
1928:TASKHOSTW.EXE	-2.098536	0.0
4052:CMD.EXE	-2.098536	0.0
3456:GOOGLEUPDATE.EXE	-2.098536	0.0
3268:TASKHOSTW.EXE	-2.098536	0.0
5708:PYTHON.EXE	-2.098536	0.0
6132:CMD.EXE	-2.098536	0.0
3176:SEARCHFILTERHOST.EXE	-2.098536	0.0
2680:SEARCHPROTOCOLHOST.EXE	-2.098536	0.0
328:SEARCHFILTERHOST.EXE	-2.098536	0.0
4580:SEARCHPROTOCOLHOST.EXE	-2.098536	0.0
2856:CMD.EXE	-2.098536	0.0
5708:GPUPDATE.EXE	-2.098536	0.0
1888:CMD.EXE	-2.098536	0.0
2752:CMD.EXE	-2.098536	0.0
2084:CMD.EXE	-2.098536	0.0
5584:SVCHOST.EXE	-2.098536	0.0
3676:CMD.EXE	-2.098536	0.0
5968:CMD.EXE	-2.098536	0.0
4996:CMD.EXE	-2.098536	0.0
4136:CMD.EXE	-2.098536	0.0
5960:PING.EXE	-2.098536	0.0
5144:CONHOST.EXE	-2.098536	0.0
588:TIWORKER.EXE	-2.098536	0.0
1844:TRUSTEDINSTALLER.EXE	-2.098536	0.0
1092:CMD.EXE	-2.098536	0.0
5872:CMD.EXE	-2.098536	0.0
5188:TASKHOSTW.EXE	-2.098536	0.0
556:CMD.EXE	-2.098536	0.0
5300:SVCHOST.EXE	-2.098536	0.0
3680:CMD.EXE	-2.098536	0.0
4040:CMD.EXE	-2.098536	0.0
1124:CMD.EXE	-2.098536	0.0
5700:GOOGLEUPDATE.EXE	-2.098536	0.0
1812:CMD.EXE	-2.098536	0.0
4128:GPUPDATE.EXE	-2.098536	0.0
2300:CMD.EXE	-2.098536	0.0
512:GPUPDATE.EXE	-2.098536	0.0
5564:SVCHOST.EXE	-2.098536	0.0
2812:SEARCHFILTERHOST.EXE	-2.098536	0.0
2632:SEARCHPROTOCOLHOST.EXE	-2.098536	0.0
5004:TRUSTEDINSTALLER.EXE	-2.098536	0.0
5768:CMD.EXE	-2.098536	0.0
88:CMD.EXE	-2.098536	0.0
6132:SEARCHPROTOCOLHOST.EXE	-2.098536	0.0
4712:SPLWOW64.EXE	-2.098536	0.0
1624:CMD.EXE	-2.098536	0.0
5704:PING.EXE	-2.098536	0.0
2880:PING.EXE	-2.098536	0.0
6136:PING.EXE	-2.098536	0.0
1072:PING.EXE	-2.098536	0.0
5132:GPUPDATE.EXE	-2.098536	0.0
5852:PING.EXE	-2.098536	0.0
4360:PING.EXE	-2.098536	0.0
4468:CMD.EXE	-2.098536	0.0
2900:CMD.EXE	-2.098536	0.0
3772:CMD.EXE	-2.098536	0.0
3652:CMD.EXE	-2.098536	0.0
1176:SEARCHFILTERHOST.EXE	-2.098536	0.0
5660:CMD.EXE	-2.098536	0.0
3056:SVCHOST.EXE	-2.098536	0.0
4928:SEARCHFILTERHOST.EXE	-2.098536	0.0
6056:CMD.EXE	-2.098536	0.0
3016:SEARCHPROTOCOLHOST.EXE	-2.098536	0.0
5576:CMD.EXE	-2.098536	0.0
2648:CMD.EXE	-2.098536	0.0
2540:SVCHOST.EXE	-2.098536	0.0
4704:CMD.EXE	-2.098536	0.0
804:SEARCHFILTERHOST.EXE	-2.098536	0.0
3604:CMD.EXE	-2.098536	0.0
6136:CMD.EXE	-2.098536	0.0
3168:CMD.EXE	-2.098536	0.0
5488:CMD.EXE	-2.098536	0.0
3476:CMD.EXE	-2.098536	0.0
5812:CMD.EXE	-2.098536	0.0
3192:CMD.EXE	-2.098536	0.0
5600:CMD.EXE	-2.098536	0.0
3892:CMD.EXE	-2.098536	0.0
3780:CMD.EXE	-2.098536	0.0
2996:CMD.EXE	-2.098536	0.0
3332:CMD.EXE	-2.098536	0.0
2880:CMD.EXE	-2.098536	0.0
5288:TASKHOSTW.EXE	-2.098536	0.0
4172:CMD.EXE	-2.098536	0.0
1976:CMD.EXE	-2.098536	0.0
4992:CMD.EXE	-2.098536	0.0
3628:CMD.EXE	-2.098536	0.0
2052:SVCHOST.EXE	-2.098536	0.0
1576:CMD.EXE	-2.098536	0.0
4172:SVCHOST.EXE	-2.098536	0.0
1824:CMD.EXE	-2.098536	0.0
2416:CMD.EXE	-2.098536	0.0
4916:TASKHOSTW.EXE	-2.098536	0.0
1696:CMD.EXE	-2.098536	0.0
3396:TIWORKER.EXE	-2.098536	0.0
4764:TRUSTEDINSTALLER.EXE	-2.098536	0.0
2812:SEARCHPROTOCOLHOST.EXE	-2.098536	0.0
4116:CMD.EXE	-2.098536	0.0
3284:CMD.EXE	-2.098536	0.0
1088:CMD.EXE	-2.098536	0.0
5696:TIWORKER.EXE	-2.098536	0.0
2940:CMD.EXE	-2.098536	0.0
2636:CMD.EXE	-2.098536	0.0
1488:TASKHOSTW.EXE	-2.098536	0.0
6108:PING.EXE	-2.098536	0.0
5356:CMD.EXE	-2.098536	0.0
1816:CMD.EXE	-2.098536	0.0
2552:SEARCHFILTERHOST.EXE	-2.098536	0.0
2632:PING.EXE	-2.098536	0.0
876:SVCHOST.EXE	-2.098536	0.0
4120:CONHOST.EXE	-2.098536	0.0
5076:SVCHOST.EXE	-2.098536	0.0
980:CMD.EXE	-2.098536	0.0
3028:PING.EXE	-2.098536	0.0
5544:TASKHOSTW.EXE	-2.098536	0.0
5660:WERMGR.EXE	-2.098536	0.0
6020:WSQMCONS.EXE	-2.098536	0.0
4764:TASKHOSTW.EXE	-2.098536	0.0
2552:TASKHOSTW.EXE	-2.098536	0.0
3532:SVCHOST.EXE	-2.098536	0.0
4124:CMD.EXE	-2.098536	0.0
4916:SEARCHFILTERHOST.EXE	-2.098536	0.0
5792:SVCHOST.EXE	-2.098536	0.0
3148:SEARCHFILTERHOST.EXE	-2.098536	0.0
640:CMD.EXE	-2.098536	0.0
2388:CMD.EXE	-2.098536	0.0
2616:SEARCHPROTOCOLHOST.EXE	-2.098536	0.0
5528:SEARCHFILTERHOST.EXE	-2.098536	0.0
5836:SVCHOST.EXE	-2.098536	0.0
904:CMD.EXE	-2.098536	0.0
3948:SEARCHPROTOCOLHOST.EXE	-2.098536	0.0
640:SEARCHFILTERHOST.EXE	-2.098536	0.0
2524:GPUPDATE.EXE	-2.098536	0.0
3204:GOOGLEUPDATE.EXE	-2.098536	0.0
588:SEARCHPROTOCOLHOST.EXE	-2.098536	0.0
5952:SEARCHFILTERHOST.EXE	-2.098536	0.0
2888:SEARCHPROTOCOLHOST.EXE	-2.098536	0.0
4476:TASKHOSTW.EXE	-2.098536	0.0
3564:SVCHOST.EXE	-2.098536	0.0
2532:SEARCHFILTERHOST.EXE	-2.098536	0.0
168:SVCHOST.EXE	-2.098536	0.0
5236:GPUPDATE.EXE	-2.098536	0.0
3720:CMD.EXE	-2.098536	0.0
1808:TASKHOSTW.EXE	-2.098536	0.0
4256:SVCHOST.EXE	-2.098536	0.0
3552:GPUPDATE.EXE	-2.098536	0.0
4476:SVCHOST.EXE	-2.098536	0.0
736:PING.EXE	-2.098536	0.0
3272:SVCHOST.EXE	-2.098536	0.0
4864:TRUSTEDINSTALLER.EXE	-2.098536	0.0
2116:SVCHOST.EXE	-2.098536	0.0
1684:SVCHOST.EXE	-2.098536	0.0
5780:SVCHOST.EXE	-2.098536	0.0
4816:CMD.EXE	-2.098536	0.0
4012:CONHOST.EXE	-2.098536	0.0
4152:CMD.EXE	-2.098536	0.0
2676:SVCHOST.EXE	-2.098536	0.0
3968:INSTALLAGENT.EXE	-2.098536	0.0
5236:SVCHOST.EXE	-2.098536	0.0
2944:SEARCHPROTOCOLHOST.EXE	-2.098536	0.0
2884:SEARCHFILTERHOST.EXE	-2.098536	0.0
5764:MSOIA.EXE	-2.098536	0.0
3404:TASKHOSTW.EXE	-2.098536	0.0
4756:SVCHOST.EXE	-2.098536	0.0
6052:TIWORKER.EXE	-2.098536	0.0
788:CMD.EXE	-2.098536	0.0
5136:WSQMCONS.EXE	-2.098536	0.0
960:CMD.EXE	-2.098536	0.0
5948:CMD.EXE	-2.098536	0.0
912:GPUPDATE.EXE	-2.098536	0.0
2076:TASKHOSTW.EXE	-2.098536	0.0
3296:SVCHOST.EXE	-2.098536	0.0
2956:CONHOST.EXE	-2.098536	0.0
4528:SCHTASKS.EXE	-2.098536	0.0
4820:BACKGROUNDTASKHOST.EXE	-2.098536	0.0
3340:TASKHOSTW.EXE	-2.098536	0.0
1300:SVCHOST.EXE	-2.098536	0.0
1592:SVCHOST.EXE	-2.098536	0.0
4816:SVCHOST.EXE	-2.098536	0.0
5216:TASKHOSTW.EXE	-2.098536	0.0
2116:TRUSTEDINSTALLER.EXE	-2.098536	0.0
5696:GPUPDATE.EXE	-2.098536	0.0
5084:TASKHOSTW.EXE	-2.098536	0.0
5664:TRUSTEDINSTALLER.EXE	-2.098536	0.0
3412:CMD.EXE	-2.098536	0.0
3536:SVCHOST.EXE	-2.098536	0.0
4712:SVCHOST.EXE	-2.098536	0.0
3568:GPUPDATE.EXE	-2.098536	0.0
1464:BACKGROUNDTASKHOST.EXE	-2.098536	0.0
5532:SEARCHPROTOCOLHOST.EXE	-2.098536	0.0
2196:SEARCHFILTERHOST.EXE	-2.098536	0.0
5356:SVCHOST.EXE	-2.098536	0.0
5484:SVCHOST.EXE	-2.098536	0.0
908:SEARCHPROTOCOLHOST.EXE	-2.098536	0.0
4632:SVCHOST.EXE	-2.098536	0.0
2328:GPUPDATE.EXE	-2.098536	0.0
4888:GPUPDATE.EXE	-2.098536	0.0
960:SEARCHPROTOCOLHOST.EXE	-2.098536	0.0
5428:SVCHOST.EXE	-2.098536	0.0
2408:CMD.EXE	-2.098536	0.0
5440:WERMGR.EXE	-2.098536	0.0
4512:SVCHOST.EXE	-2.098536	0.0
824:TASKHOSTW.EXE	-2.098536	0.0
3364:GOOGLEUPDATE.EXE	-2.098536	0.0
3812:TASKHOSTW.EXE	-2.098536	0.0
4780:SEARCHPROTOCOLHOST.EXE	-2.098536	0.0
5732:SEARCHFILTERHOST.EXE	-2.098536	0.0
4560:CMD.EXE	-2.098536	0.0
4220:SVCHOST.EXE	-2.098536	0.0
4604:SVCHOST.EXE	-2.098536	0.0
1228:TASKHOSTW.EXE	-2.098536	0.0
4624:TRUSTEDINSTALLER.EXE	-2.098536	0.0
5716:TIWORKER.EXE	-2.098536	0.0
888:CONHOST.EXE	-2.098536	0.0
4828:CMD.EXE	-2.098536	0.0
3076:SVCHOST.EXE	-2.098536	0.0
1920:SEARCHPROTOCOLHOST.EXE	-2.098536	0.0
6008:CMD.EXE	-2.098536	0.0
1548:TASKHOSTW.EXE	-2.098536	0.0
5772:TIWORKER.EXE	-2.098536	0.0
1804:CONHOST.EXE	-2.098536	0.0
4492:CMD.EXE	-2.098536	0.0
3400:SEARCHPROTOCOLHOST.EXE	-2.098536	0.0
5548:SVCHOST.EXE	-2.098536	0.0
5144:CMD.EXE	-2.098536	0.0
3556:CMD.EXE	-2.098536	0.0
804:TASKHOSTW.EXE	-2.098536	0.0
4540:TRUSTEDINSTALLER.EXE	-2.098536	0.0
2632:SVCHOST.EXE	-2.098536	0.0
928:GOOGLEUPDATE.EXE	-2.098536	0.0
6052:CMD.EXE	-2.098536	0.0
3664:SVCHOST.EXE	-2.098536	0.0
5340:SEARCHPROTOCOLHOST.EXE	-2.098536	0.0
4716:SEARCHFILTERHOST.EXE	-2.098536	0.0
5076:GPUPDATE.EXE	-2.098536	0.0
2720:GPUPDATE.EXE	-2.098536	0.0
4816:SEARCHPROTOCOLHOST.EXE	-2.098536	0.0
5920:SEARCHFILTERHOST.EXE	-2.098536	0.0
3080:TASKHOSTW.EXE	-2.098536	0.0
2860:TRUSTEDINSTALLER.EXE	-2.098536	0.0
788:GOOGLEUPDATE.EXE	-2.098536	0.0
3428:GOOGLEUPDATE.EXE	-2.098536	0.0
5272:WERMGR.EXE	-2.098536	0.0
2756:SVCHOST.EXE	-2.098536	0.0
2884:PING.EXE	-2.098536	0.0
4580:SVCHOST.EXE	-2.098536	0.0
3156:SVCHOST.EXE	-2.098536	0.0
5504:CMD.EXE	-2.098536	0.0
3720:TASKHOSTW.EXE	-2.098536	0.0
5620:TASKHOSTW.EXE	-2.098536	0.0
2596:SEARCHPROTOCOLHOST.EXE	-2.098536	0.0
4544:TRUSTEDINSTALLER.EXE	-2.098536	0.0
2740:TIWORKER.EXE	-2.098536	0.0
5700:GPUPDATE.EXE	-2.098536	0.0
4488:CMD.EXE	-2.098536	0.0
88:SVCHOST.EXE	-2.098536	0.0
4624:SVCHOST.EXE	-2.098536	0.0
4552:CMD.EXE	-2.098536	0.0
5756:TASKHOSTW.EXE	-2.098536	0.0
5312:CMD.EXE	-2.098536	0.0
3396:TASKHOSTW.EXE	-2.098536	0.0
4952:CMD.EXE	-2.098536	0.0
3172:INSTALLAGENT.EXE	-2.098536	0.0
3076:WUAPIHOST.EXE	-2.098536	0.0
3664:INSTALLAGENTUSERBROKER.EXE	-2.098536	0.0
2860:SVCHOST.EXE	-2.098536	0.0
3580:GPUPDATE.EXE	-2.098536	0.0
4768:APPHOSTREGISTRATIONVERIFIER.EXE	-2.098536	0.0
4188:SEARCHPROTOCOLHOST.EXE	-2.098536	0.0
5372:SEARCHFILTERHOST.EXE	-2.098536	0.0
3260:SVCHOST.EXE	-2.098536	0.0
916:CMD.EXE	-2.098536	0.0
3564:CMD.EXE	-2.098536	0.0
4284:SVCHOST.EXE	-2.098536	0.0
4304:CMD.EXE	-2.098536	0.0
2440:CMD.EXE	-2.098536	0.0
5636:SVCHOST.EXE	-2.098536	0.0
5372:CMD.EXE	-2.098536	0.0
904:USOCLIENT.EXE	-2.098536	0.0
3224:SVCHOST.EXE	-2.098536	0.0
3308:TASKHOSTW.EXE	-2.098536	0.0
4256:TASKHOSTW.EXE	-2.098536	0.0
2608:WMIPRVSE.EXE	-2.098536	0.0
96:SPPSVC.EXE	-2.098536	0.0
1192:TASKHOSTW.EXE	-2.098536	0.0
5588:TRUSTEDINSTALLER.EXE	-2.098536	0.0
3664:CMD.EXE	-2.098536	0.0
6028:SEARCHPROTOCOLHOST.EXE	-2.098536	0.0
4624:CMD.EXE	-2.098536	0.0
1484:SEARCHFILTERHOST.EXE	-2.098536	0.0
5668:SVCHOST.EXE	-2.098536	0.0
1796:CMD.EXE	-2.098536	0.0
644:WSQMCONS.EXE	-2.098536	0.0
5624:SVCHOST.EXE	-2.098536	0.0
4300:BACKGROUNDTASKHOST.EXE	-2.098536	0.0
5804:SVCHOST.EXE	-2.098536	0.0
2736:SMARTSCREEN.EXE	-2.098536	0.0
1228:BACKGROUNDTASKHOST.EXE	-2.098536	0.0
3248:BACKGROUNDTASKHOST.EXE	-2.098536	0.0
240:GPUPDATE.EXE	-2.098536	0.0
5440:TIWORKER.EXE	-2.098536	0.0
272:SVCHOST.EXE	-2.098536	0.0
2392:CMD.EXE	-2.098536	0.0
1156:SEARCHPROTOCOLHOST.EXE	-2.098536	0.0
620:SEARCHFILTERHOST.EXE	-2.098536	0.0
1668:GPUPDATE.EXE	-2.098536	0.0
172:CMD.EXE	-2.098536	0.0
1088:TRUSTEDINSTALLER.EXE	-2.098536	0.0
1424:SEARCHPROTOCOLHOST.EXE	-2.098536	0.0
1464:SVCHOST.EXE	-2.098536	0.0
3996:GOOGLEUPDATE.EXE	-2.098536	0.0
4684:SEARCHFILTERHOST.EXE	-2.098536	0.0
2076:GOOGLEUPDATE.EXE	-2.098536	0.0
2540:GOOGLEUPDATE.EXE	-2.098536	0.0
1484:SVCHOST.EXE	-2.098536	0.0
1448:APPIDCERTSTORECHECK.EXE	-2.098536	0.0
5720:SVCHOST.EXE	-2.098536	0.0
4432:SVCHOST.EXE	-2.098536	0.0
172:INSTALLAGENT.EXE	-2.098536	0.0
3472:WERMGR.EXE	-2.098536	0.0
540:SEARCHPROTOCOLHOST.EXE	-2.098536	0.0
1668:WERMGR.EXE	-2.098536	0.0
5448:SEARCHFILTERHOST.EXE	-2.098536	0.0
4300:SVCHOST.EXE	-2.098536	0.0
5620:CMD.EXE	-2.098536	0.0
4744:GPUPDATE.EXE	-2.098536	0.0
732:GOOGLEUPDATE.EXE	-2.098536	0.0
5252:CMD.EXE	-2.098536	0.0
6008:SEARCHPROTOCOLHOST.EXE	-2.098536	0.0
5564:SEARCHFILTERHOST.EXE	-2.098536	0.0
5688:CMD.EXE	-2.098536	0.0
5988:CMD.EXE	-2.098536	0.0
1324:SVCHOST.EXE	-2.098536	0.0
3336:TRUSTEDINSTALLER.EXE	-2.098536	0.0
4732:SVCHOST.EXE	-2.098536	0.0
1156:TASKHOSTW.EXE	-2.098536	0.0
1344:TRUSTEDINSTALLER.EXE	-2.098536	0.0
4884:CMD.EXE	-2.098536	0.0
1120:TASKHOSTW.EXE	-2.098536	0.0
5656:TRUSTEDINSTALLER.EXE	-2.098536	0.0
3684:SEARCHPROTOCOLHOST.EXE	-2.098536	0.0
4916:SVCHOST.EXE	-2.098536	0.0
2552:SEARCHPROTOCOLHOST.EXE	-2.098536	0.0
4544:CMD.EXE	-2.098536	0.0
5872:SVCHOST.EXE	-2.098536	0.0
3200:TASKHOSTW.EXE	-2.098536	0.0
1808:SVCHOST.EXE	-2.098536	0.0
4504:CMD.EXE	-2.098536	0.0
4928:CMD.EXE	-2.098536	0.0
2440:TRUSTEDINSTALLER.EXE	-2.098536	0.0
4388:TASKHOSTW.EXE	-2.098536	0.0
6028:SVCHOST.EXE	-2.098536	0.0
4036:CMD.EXE	-2.098536	0.0
5480:BACKGROUNDTASKHOST.EXE	-2.098536	0.0
2312:SVCHOST.EXE	-2.098536	0.0
5948:SEARCHFILTERHOST.EXE	-2.098536	0.0
2684:TASKHOSTW.EXE	-2.098536	0.0
4176:SVCHOST.EXE	-2.098536	0.0
4496:CMD.EXE	-2.098536	0.0
5420:SEARCHFILTERHOST.EXE	-2.098536	0.0
5664:SEARCHPROTOCOLHOST.EXE	-2.098536	0.0
1664:TIWORKER.EXE	-2.098536	0.0
3180:TRUSTEDINSTALLER.EXE	-2.098536	0.0
2508:TASKHOSTW.EXE	-2.098536	0.0
2400:WERMGR.EXE	-2.098536	0.0
3764:TASKHOSTW.EXE	-2.098536	0.0
4756:TASKHOSTW.EXE	-2.098536	0.0
5832:SEARCHFILTERHOST.EXE	-2.098536	0.0
1108:SEARCHPROTOCOLHOST.EXE	-2.098536	0.0
6008:TRUSTEDINSTALLER.EXE	-2.098536	0.0
4460:SVCHOST.EXE	-2.098536	0.0
5572:TASKHOSTW.EXE	-2.098536	0.0
5072:TASKHOSTW.EXE	-2.098536	0.0
1824:INSTALLAGENT.EXE	-2.098536	0.0
2996:BACKGROUNDTASKHOST.EXE	-2.098536	0.0
4956:CMD.EXE	-2.098536	0.0
1548:SVCHOST.EXE	-2.098536	0.0
3304:GPUPDATE.EXE	-2.098536	0.0
5932:TRUSTEDINSTALLER.EXE	-2.098536	0.0
4708:SEARCHFILTERHOST.EXE	-2.098536	0.0
3156:SEARCHPROTOCOLHOST.EXE	-2.098536	0.0
3996:SVCHOST.EXE	-2.098536	0.0
5464:SVCHOST.EXE	-2.098536	0.0
3720:GPUPDATE.EXE	-2.098536	0.0
2708:TIWORKER.EXE	-2.098536	0.0
3388:CONHOST.EXE	-2.098536	0.0
3708:SVCHOST.EXE	-2.098536	0.0
896:TASKHOSTW.EXE	-2.098536	0.0
588:GOOGLEUPDATE.EXE	-2.098536	0.0
928:SVCHOST.EXE	-2.098536	0.0
6000:CMD.EXE	-2.098536	0.0
260:TASKHOSTW.EXE	-2.098536	0.0
2952:SEARCHFILTERHOST.EXE	-2.098536	0.0
4516:SEARCHPROTOCOLHOST.EXE	-2.098536	0.0
2956:TASKHOSTW.EXE	-2.098536	0.0
5828:SEARCHPROTOCOLHOST.EXE	-2.098536	0.0
5732:SVCHOST.EXE	-2.098536	0.0
3980:CMD.EXE	-2.098536	0.0
532:TASKHOSTW.EXE	-2.098536	0.0
5668:CMD.EXE	-2.098536	0.0
3992:SVCHOST.EXE	-2.098536	0.0
3308:SEARCHPROTOCOLHOST.EXE	-2.098536	0.0
4668:CMD.EXE	-2.098536	0.0
500:SEARCHPROTOCOLHOST.EXE	-2.098536	0.0
2268:SVCHOST.EXE	-2.098536	0.0
2312:GOOGLEUPDATE.EXE	-2.099608	0.0
3964:GOOGLEUPDATE.EXE	-2.099608	0.0
5892:PYTHON.EXE	-2.099608	0.0
4820:PYTHON.EXE	-2.099608	0.0
5876:GOOGLEUPDATE.EXE	-2.099608	0.0
4904:GOOGLEUPDATE.EXE	-2.099608	0.0
3544:SIHOST.EXE	-2.099608	0.0
5756:MSOIA.EXE	-2.099608	0.0
4452:SVCHOST.EXE	-2.099608	0.0
3452:GOOGLEUPDATE.EXE	-2.099608	0.0
3304:TASKHOSTW.EXE	-2.099608	0.0
1448:BACKGROUNDTASKHOST.EXE	-2.099608	0.0
268:CMD.EXE	-2.099608	0.0
5448:GOOGLEUPDATE.EXE	-2.099608	0.0
552:SPPSVC.EXE	-2.099608	0.0
4292:TIWORKER.EXE	-2.099608	0.0
6032:TASKHOSTW.EXE	-2.099608	0.0
3244:PROVTOOL.EXE	-2.099608	0.0
5880:GOOGLEUPDATE.EXE	-2.099608	0.0
5632:BACKGROUNDTASKHOST.EXE	-2.099608	0.0
1188:TIWORKER.EXE	-2.099608	0.0
180:PYTHON.EXE	-2.099608	0.0
908:TASKHOSTW.EXE	-2.099608	0.0
916:SPPSVC.EXE	-2.099608	0.0
2996:GOOGLEUPDATE.EXE	-2.099608	0.0
396:GOOGLEUPDATE.EXE	-2.099608	0.0
5996:PYTHON.EXE	-2.099608	0.0
4200:SPPSVC.EXE	-2.099608	0.0
272:GOOGLEUPDATE.EXE	-2.099608	0.0
5968:GOOGLEUPDATE.EXE	-2.099608	0.0
2920:GOOGLEUPDATE.EXE	-2.099608	0.0
4576:PYTHON.EXE	-2.099608	0.0
3384:SPPSVC.EXE	-2.099608	0.0
4032:PYTHON.EXE	-2.099608	0.0
5816:CONHOST.EXE	-2.099608	0.0
1180:PYTHON.EXE	-2.099608	0.0
3792:GOOGLEUPDATE.EXE	-2.099608	0.0
336:PYTHON.EXE	-2.099608	0.0
5076:TIWORKER.EXE	-2.099608	0.0
1164:GOOGLEUPDATE.EXE	-2.099608	0.0
3256:GOOGLEUPDATE.EXE	-2.099608	0.0
5436:GOOGLEUPDATE.EXE	-2.099608	0.0
5024:GOOGLEUPDATE.EXE	-2.099608	0.0
520:SPPSVC.EXE	-2.099608	0.0
2056:GOOGLEUPDATE.EXE	-2.099608	0.0
3580:PYTHON.EXE	-2.099608	0.0
2488:PYTHON.EXE	-2.099608	0.0
5652:SPPSVC.EXE	-2.099608	0.0
4252:GOOGLEUPDATE.EXE	-2.099608	0.0
3212:GOOGLEUPDATE.EXE	-2.099608	0.0
5112:SPPSVC.EXE	-2.099608	0.0
5080:GOOGLEUPDATE.EXE	-2.099608	0.0
3148:PYTHON.EXE	-2.099608	0.0
3392:GOOGLEUPDATE.EXE	-2.099608	0.0
620:SPPSVC.EXE	-2.099608	0.0
4984:PYTHON.EXE	-2.099608	0.0
3076:SPPSVC.EXE	-2.099608	0.0
3264:TIWORKER.EXE	-2.099608	0.0
2076:CMD.EXE	-2.099608	0.0
5436:PYTHON.EXE	-2.099608	0.0
5928:PYTHON.EXE	-2.099608	0.0
5016:GOOGLEUPDATE.EXE	-2.099608	0.0
3820:GOOGLEUPDATE.EXE	-2.099608	0.0
4940:GOOGLEUPDATE.EXE	-2.099608	0.0
4496:GOOGLEUPDATE.EXE	-2.099608	0.0
5976:TIWORKER.EXE	-2.099608	0.0
2096:GOOGLEUPDATE.EXE	-2.099608	0.0
5252:SPPSVC.EXE	-2.099608	0.0
4232:SPPSVC.EXE	-2.099608	0.0
3864:GOOGLEUPDATE.EXE	-2.099608	0.0
4832:DEVICECENSUS.EXE	-2.099608	0.0
3812:PYTHON.EXE	-2.099608	0.0
4544:GOOGLEUPDATE.EXE	-2.099608	0.0
5760:TASKHOSTW.EXE	-2.099608	0.0
5056:GOOGLEUPDATE.EXE	-2.099608	0.0
832:PYTHON.EXE	-2.099608	0.0
3948:TASKHOSTW.EXE	-2.099608	0.0
5320:TASKHOSTW.EXE	-2.099608	0.0
888:GOOGLEUPDATE.EXE	-2.099608	0.0
388:PYTHON.EXE	-2.099608	0.0
3016:GOOGLEUPDATE.EXE	-2.099608	0.0
1516:BACKGROUNDTASKHOST.EXE	-2.099608	0.0
4472:REGEDIT.EXE	-2.099608	0.0
3664:GOOGLEUPDATE.EXE	-2.099608	0.0
5328:GOOGLEUPDATE.EXE	-2.099608	0.0
3096:TASKHOSTW.EXE	-2.099608	0.0
908:GOOGLEUPDATE.EXE	-2.099608	0.0
4932:SPPSVC.EXE	-2.099608	0.0
1560:SPPSVC.EXE	-2.099608	0.0
3304:GOOGLEUPDATE.EXE	-2.099608	0.0
2328:GOOGLEUPDATE.EXE	-2.099608	0.0
4312:TIWORKER.EXE	-2.099608	0.0
5064:GOOGLEUPDATE.EXE	-2.099608	0.0
1524:GOOGLEUPDATE.EXE	-2.099608	0.0
5700:SEARCHPROTOCOLHOST.EXE	-2.099608	0.0
4848:SPPSVC.EXE	-2.099608	0.0
3768:SPPSVC.EXE	-2.099608	0.0
2548:GOOGLEUPDATE.EXE	-2.099608	0.0
516:SPPSVC.EXE	-2.099608	0.0
320:GOOGLEUPDATE.EXE	-2.099608	0.0
5320:SEARCHPROTOCOLHOST.EXE	-2.099608	0.0
2756:PYTHON.EXE	-2.099608	0.0
3952:TIWORKER.EXE	-2.099608	0.0
4880:SPPSVC.EXE	-2.099608	0.0
2684:GOOGLEUPDATE.EXE	-2.099608	0.0
5372:GOOGLEUPDATE.EXE	-2.099608	0.0
4552:PYTHON.EXE	-2.099608	0.0
4928:SPPSVC.EXE	-2.099608	0.0
3256:COMPATTELRUNNER.EXE	-2.099608	0.0
2968:COMPATTELRUNNER.EXE	-2.099608	0.0
3708:BACKGROUNDTASKHOST.EXE	-2.099608	0.0
2400:GOOGLEUPDATE.EXE	-2.099608	0.0
3096:GOOGLEUPDATE.EXE	-2.099608	0.0
3100:GOOGLEUPDATE.EXE	-2.099608	0.0
1560:GOOGLEUPDATE.EXE	-2.099608	0.0
5476:PYTHON.EXE	-2.099608	0.0
5828:TIWORKER.EXE	-2.099608	0.0
1300:GOOGLEUPDATE.EXE	-2.099608	0.0
4220:TIWORKER.EXE	-2.099608	0.0
2552:GOOGLEUPDATE.EXE	-2.099608	0.0
4832:PYTHON.EXE	-2.099608	0.0
5804:PYTHON.EXE	-2.099608	0.0
5680:CMD.EXE	-2.102078	0.0
5676:CMD.EXE	-2.102078	0.0
3636:CMD.EXE	-2.102078	0.0
4644:CMD.EXE	-2.102078	0.0
5628:CONHOST.EXE	-2.102762	0.0
840:CONHOST.EXE	-2.104356	0.0
3372:PING.EXE	-2.104356	0.0
3872:CMD.EXE	-2.104356	0.0
260:CMD.EXE	-2.104356	0.0
6032:CMD.EXE	-2.104356	0.0
5304:CMD.EXE	-2.104356	0.0
5364:CMD.EXE	-2.104356	0.0
876:CMD.EXE	-2.104356	0.0
3660:CMD.EXE	-2.104356	0.0
4500:CMD.EXE	-2.104356	0.0
4720:CMD.EXE	-2.104356	0.0
1480:CMD.EXE	-2.104356	0.0
504:CMD.EXE	-2.104356	0.0
4444:CMD.EXE	-2.104356	0.0
5704:CMD.EXE	-2.104356	0.0
4608:CMD.EXE	-2.104356	0.0
4736:CMD.EXE	-2.104356	0.0
3360:PING.EXE	-2.104356	0.0
5320:CMD.EXE	-2.104356	0.0
900:CMD.EXE	-2.104356	0.0
4272:CMD.EXE	-2.104356	0.0
504:PING.EXE	-2.104356	0.0
452:CMD.EXE	-2.104356	0.0
4536:CMD.EXE	-2.104356	0.0
396:CMD.EXE	-2.104356	0.0
3452:CMD.EXE	-2.104356	0.0
3336:CONHOST.EXE	-2.104356	0.0
1960:CMD.EXE	-2.104356	0.0
3028:CMD.EXE	-2.104356	0.0
3208:CMD.EXE	-2.104356	0.0
2152:PING.EXE	-2.104357	0.0
3308:CMD.EXE	-2.106509	0.0
860:CONHOST.EXE	-2.107190	0.0
1876:CONHOST.EXE	-2.107190	0.0
1476:CONHOST.EXE	-2.107190	0.0
5752:CONHOST.EXE	-2.107190	0.0
5020:CONHOST.EXE	-2.107190	0.0
5216:CMD.EXE	-2.108217	0.0
768:CMD.EXE	-2.108217	0.0
2592:CMD.EXE	-2.108217	0.0
3076:CONHOST.EXE	-2.108905	0.0
5308:CONHOST.EXE	-2.108905	0.0
5984:CMD.EXE	-2.108943	0.0
3048:CMD.EXE	-2.110752	0.0
3080:CONHOST.EXE	-2.110893	0.0
5056:CMD.EXE	-2.111639	0.0
6016:CMD.EXE	-2.111639	0.0
4516:CMD.EXE	-2.111639	0.0
5604:CMD.EXE	-2.111639	0.0
1724:CMD.EXE	-2.111639	0.0
3232:CMD.EXE	-2.111642	0.0
1560:CMD.EXE	-2.111642	0.0
3712:CMD.EXE	-2.111695	0.0
1920:CMD.EXE	-2.111695	0.0
4744:CMD.EXE	-2.111695	0.0
1876:CMD.EXE	-2.112448	0.0
5756:CMD.EXE	-2.114671	0.0
5648:CMD.EXE	-2.114671	0.0
5816:CMD.EXE	-2.114671	0.0
2200:CMD.EXE	-2.114671	0.0
4916:CMD.EXE	-2.114671	0.0
3572:CMD.EXE	-2.114671	0.0
2680:CMD.EXE	-2.114671	0.0
4808:CMD.EXE	-2.115295	0.0
5916:CMD.EXE	-2.115295	0.0
1916:CMD.EXE	-2.115295	0.0
5340:CMD.EXE	-2.115301	0.0
5732:CMD.EXE	-2.115662	0.0
5300:CMD.EXE	-2.115662	0.0
1316:CMD.EXE	-2.115662	0.0
3280:CMD.EXE	-2.115662	0.0
3536:CMD.EXE	-2.115662	0.0
824:CMD.EXE	-2.115662	0.0
5004:PING.EXE	-2.116047	0.0
1476:TASKKILL.EXE	-2.116047	2.0
6140:PING.EXE	-2.116047	0.0
5536:PING.EXE	-2.116047	0.0
5876:PING.EXE	-2.116047	0.0
3216:PING.EXE	-2.116047	0.0
5440:CONHOST.EXE	-2.116047	0.0
5736:PING.EXE	-2.116047	0.0
5984:PING.EXE	-2.116047	0.0
96:PING.EXE	-2.116047	0.0
1512:PING.EXE	-2.116047	0.0
5072:PING.EXE	-2.116047	0.0
5528:PING.EXE	-2.116047	0.0
4288:CMD.EXE	-2.116047	0.0
4308:PING.EXE	-2.116047	0.0
1284:PING.EXE	-2.116047	0.0
3380:PING.EXE	-2.116047	0.0
928:PING.EXE	-2.116047	0.0
4388:PING.EXE	-2.116047	0.0
2536:PYTHON.EXE	-2.116047	0.0
5052:PING.EXE	-2.116047	0.0
4124:PING.EXE	-2.116047	0.0
5668:PING.EXE	-2.116047	0.0
5640:PING.EXE	-2.116047	0.0
3240:PING.EXE	-2.116047	0.0
5424:PING.EXE	-2.116047	0.0
2248:PING.EXE	-2.116047	0.0
5472:PING.EXE	-2.116047	0.0
1692:PING.EXE	-2.116047	0.0
5900:CMD.EXE	-2.116047	0.0
4680:PING.EXE	-2.116047	0.0
5936:PING.EXE	-2.116047	0.0
4888:PING.EXE	-2.116047	0.0
5828:PING.EXE	-2.116047	0.0
3960:PING.EXE	-2.116047	0.0
4312:PING.EXE	-2.116047	0.0
2096:CMD.EXE	-2.116047	0.0
2608:CONHOST.EXE	-2.116047	0.0
2340:PING.EXE	-2.116047	0.0
5624:CMD.EXE	-2.116047	0.0
5060:CMD.EXE	-2.116047	0.0
2192:PING.EXE	-2.116047	0.0
1464:PING.EXE	-2.116047	0.0
2384:CMD.EXE	-2.116047	0.0
3196:PING.EXE	-2.116047	0.0
1664:CONHOST.EXE	-2.116047	0.0
2520:PING.EXE	-2.116047	0.0
1588:PING.EXE	-2.116047	0.0
808:CMD.EXE	-2.116047	0.0
3920:CMD.EXE	-2.116047	0.0
180:CMD.EXE	-2.116047	0.0
3188:PING.EXE	-2.116047	0.0
852:CMD.EXE	-2.116047	0.0
5572:PING.EXE	-2.116047	0.0
3832:PING.EXE	-2.116047	0.0
772:CMD.EXE	-2.116047	0.0
5236:CMD.EXE	-2.116047	0.0
5780:CMD.EXE	-2.116047	0.0
4332:MSASCUIL.EXE	-2.116047	0.0
4440:VMTOOLSD.EXE	-2.116047	0.0
1516:WSCRIPT.EXE	-2.116047	0.0
360:WSCRIPT.EXE	-2.116047	0.0
4816:PING.EXE	-2.116047	0.0
4732:PING.EXE	-2.116047	0.0
5628:PING.EXE	-2.116047	0.0
5952:PING.EXE	-2.116047	0.0
532:WHOAMI.EXE	-2.116047	2.0
4996:PING.EXE	-2.116047	0.0
5700:PING.EXE	-2.116047	0.0
3048:PING.EXE	-2.116047	0.0
3152:PING.EXE	-2.116047	0.0
6004:PING.EXE	-2.116047	0.0
5948:PING.EXE	-2.116047	0.0
396:PING.EXE	-2.116047	0.0
4692:PING.EXE	-2.116047	0.0
3144:PING.EXE	-2.116047	0.0
4896:PING.EXE	-2.116047	0.0
5452:POWERSHELL.EXE	-2.116047	1.0
4776:WHOAMI.EXE	-2.116047	2.0
5472:CMD.EXE	-2.116047	0.0
700:CMD.EXE	-2.116593	0.0
2328:CMD.EXE	-2.118171	0.0
668:CMD.EXE	-2.118171	0.0
2472:CMD.EXE	-2.118171	0.0
1628:CMD.EXE	-2.118171	0.0
4540:CMD.EXE	-2.118842	0.0
5076:CMD.EXE	-2.119845	0.0
4980:CMD.EXE	-2.119845	0.0
5984:CONHOST.EXE	-2.119941	0.0
4776:CMD.EXE	-2.120234	0.0
1844:CMD.EXE	-2.120234	0.0
652:CMD.EXE	-2.120234	0.0
5136:CMD.EXE	-2.120234	0.0
5204:CMD.EXE	-2.120234	0.0
2776:CMD.EXE	-2.120234	0.0
896:CMD.EXE	-2.120234	0.0
3260:CMD.EXE	-2.120234	0.0
2140:CMD.EXE	-2.120234	0.0
1900:CMD.EXE	-2.120234	0.0
5696:CMD.EXE	-2.120234	0.0
184:CMD.EXE	-2.120234	0.0
1452:CMD.EXE	-2.120234	0.0
2664:CMD.EXE	-2.120234	0.0
4872:CMD.EXE	-2.120234	0.0
2968:CMD.EXE	-2.120234	0.0
4252:CMD.EXE	-2.120234	0.0
5740:CONHOST.EXE	-2.120996	0.0
5204:CONHOST.EXE	-2.120996	0.0
5700:CONHOST.EXE	-2.120996	0.0
1516:ONEDRIVESETUP.EXE	-2.121247	0.0
1984:CMD.EXE	-2.121878	0.0
1668:CMD.EXE	-2.122442	0.0
2956:CMD.EXE	-2.122442	0.0
3352:CMD.EXE	-2.122442	0.0
188:CMD.EXE	-2.122442	0.0
4580:CMD.EXE	-2.122772	0.0
4576:CONHOST.EXE	-2.122772	0.0
4012:CMD.EXE	-2.125591	0.0
2756:CMD.EXE	-2.125591	0.0
2448:CMD.EXE	-2.125591	0.0
4700:CMD.EXE	-2.125591	0.0
4964:CMD.EXE	-2.125591	0.0
4932:CMD.EXE	-2.125591	0.0
4256:CMD.EXE	-2.125591	0.0
5804:CMD.EXE	-2.125591	0.0
3344:CMD.EXE	-2.125591	0.0
3884:CMD.EXE	-2.125591	0.0
4968:CMD.EXE	-2.125591	0.0
4708:CMD.EXE	-2.125736	0.0
2196:CMD.EXE	-2.125956	0.0
588:CONHOST.EXE	-2.126117	3.0
188:CONHOST.EXE	-2.126303	0.0
4848:CMD.EXE	-2.126303	0.0
3732:CMD.EXE	-2.128396	0.0
2052:CMD.EXE	-2.129283	0.0
2540:SCHTASKS.EXE	-2.132081	2.0
2160:SCHTASKS.EXE	-2.132081	0.0
3248:CMD.EXE	-2.132086	0.0
1928:CMD.EXE	-2.132086	0.0
4732:CMD.EXE	-2.132086	0.0
2984:CMD.EXE	-2.132086	0.0
4312:CMD.EXE	-2.132086	0.0
328:CMD.EXE	-2.132086	0.0
5416:CMD.EXE	-2.132086	0.0
672:CMD.EXE	-2.132086	0.0
2552:CMD.EXE	-2.132086	0.0
3948:CMD.EXE	-2.132086	0.0
532:CMD.EXE	-2.132086	0.0
4484:COMPATTELRUNNER.EXE	-2.132089	0.0
2860:CONHOST.EXE	-2.135339	0.0
1424:NETSTAT.EXE	-2.138860	0.0
832:CONHOST.EXE	-2.148142	0.0
612:ONEDRIVESETUP.EXE	-2.163690	0.0
2776:ONEDRIVESETUP.EXE	-2.163690	0.0
1984:CONHOST.EXE	-2.166572	0.0
5668:CONHOST.EXE	-2.168277	0.0
3232:CONHOST.EXE	-2.169364	0.0
740:CONHOST.EXE	-2.170381	0.0
5548:CONHOST.EXE	-2.171345	0.0
4524:CONHOST.EXE	-2.172575	0.0
384:CONHOST.EXE	-2.172681	0.0
3772:CONHOST.EXE	-2.176773	3.0
4764:CONHOST.EXE	-2.176773	0.0
4768:CONHOST.EXE	-2.176773	0.0
5792:CONHOST.EXE	-2.178282	0.0
644:CONHOST.EXE	-2.178282	0.0
2708:CONHOST.EXE	-2.178282	0.0
5484:CONHOST.EXE	-2.179945	0.0
4520:CONHOST.EXE	-2.180319	0.0
1588:CONHOST.EXE	-2.180747	0.0
2924:TASKLIST.EXE	-2.181279	0.0
4120:NETSTAT.EXE	-2.181279	0.0
3676:POWERSHELL.EXE	-2.181279	0.0
3404:MANTRA.EXE	-2.181279	0.0
4120:SCHTASKS.EXE	-2.181279	0.0
5020:NETSTAT.EXE	-2.181279	0.0
5492:MSTSC.EXE	-2.181279	0.0
4888:SCHTASKS.EXE	-2.181279	0.0
5180:TASKLIST.EXE	-2.181279	0.0
740:NETSTAT.EXE	-2.181279	0.0
5376:CONHOST.EXE	-2.181279	0.0
5948:TASKKILL.EXE	-2.181279	0.0
5484:QWINSTA.EXE	-2.181279	0.0
4516:CONHOST.EXE	-2.181279	0.0
5572:NETSTAT.EXE	-2.181279	0.0
1952:SCHTASKS.EXE	-2.181279	0.0
5084:TASKLIST.EXE	-2.181279	0.0
1104:FINDSTR.EXE	-2.181279	0.0
5932:CONHOST.EXE	-2.185290	0.0
5076:CONHOST.EXE	-2.185290	0.0
5832:CONHOST.EXE	-2.186326	0.0
1684:CONHOST.EXE	-2.188068	0.0
5428:CONHOST.EXE	-2.188435	0.0
4984:CONHOST.EXE	-2.188435	0.0
3104:CONHOST.EXE	-2.188806	0.0
5244:CONHOST.EXE	-2.191268	0.0
5732:CONHOST.EXE	-2.195909	0.0
2540:PYTHON.EXE	-2.197628	0.0
3360:ONEDRIVESETUP.EXE	-2.197628	0.0
4684:ADOBEARM.EXE	-2.197628	0.0
5020:ONEDRIVESETUP.EXE	-2.197628	0.0
252:ONEDRIVESETUP.EXE	-2.197628	0.0
1916:ONEDRIVESETUP.EXE	-2.197628	0.0
5192:ONEDRIVESETUP.EXE	-2.197628	0.0
1224:MSTSC.EXE	-2.197628	0.0
1524:ONEDRIVESETUP.EXE	-2.197628	0.0
2656:ONEDRIVESETUP.EXE	-2.197628	0.0
6052:ADOBEARM.EXE	-2.197628	0.0
5916:ONEDRIVESETUP.EXE	-2.197628	0.0
5972:ADOBEARM.EXE	-2.197628	0.0
2732:ONEDRIVESETUP.EXE	-2.197628	0.0
3168:ONEDRIVESETUP.EXE	-2.197628	0.0
4892:MSTSC.EXE	-2.197628	0.0
4688:ONEDRIVESETUP.EXE	-2.197628	0.0
5356:ONEDRIVESETUP.EXE	-2.197628	0.0
5040:ONEDRIVESETUP.EXE	-2.197628	0.0
5324:MSTSC.EXE	-2.197628	0.0
2416:ONEDRIVESETUP.EXE	-2.197628	0.0
5416:SCHTASKS.EXE	-2.198650	0.0
5320:CONHOST.EXE	-2.201235	3.0
1668:TASKLIST.EXE	-2.203147	0.0
5396:NETSTAT.EXE	-2.203147	0.0
2316:CONHOST.EXE	-2.206578	0.0
4672:CONHOST.EXE	-2.206578	0.0
2732:CONHOST.EXE	-2.206578	0.0
5452:CONHOST.EXE	-2.209285	0.0
1180:CONHOST.EXE	-2.213846	0.0
3520:CONHOST.EXE	-2.215405	0.0
1920:CONHOST.EXE	-2.216401	0.0
6108:CONHOST.EXE	-2.216401	0.0
5032:CONHOST.EXE	-2.216401	0.0
3188:CONHOST.EXE	-2.216401	0.0
3924:CONHOST.EXE	-2.216401	0.0
5736:CONHOST.EXE	-2.216401	0.0
5564:CONHOST.EXE	-2.219172	0.0
2552:CONHOST.EXE	-2.219172	0.0
5572:CONHOST.EXE	-2.219172	0.0
172:CONHOST.EXE	-2.219172	3.0
4688:CONHOST.EXE	-2.219172	0.0
2672:CONHOST.EXE	-2.219172	0.0
2684:CONHOST.EXE	-2.223843	0.0
3012:CONHOST.EXE	-2.228300	0.0
3244:SCHTASKS.EXE	-2.228300	0.0
1300:SCHTASKS.EXE	-2.228300	0.0
3248:NETSTAT.EXE	-2.228300	0.0
3960:SCHTASKS.EXE	-2.228300	0.0
2444:NETSTAT.EXE	-2.228300	0.0
624:CONHOST.EXE	-2.228891	0.0
3120:CONHOST.EXE	-2.228891	0.0
768:CONHOST.EXE	-2.228891	0.0
5344:CONHOST.EXE	-2.228891	0.0
4036:CONHOST.EXE	-2.228891	0.0
5360:CONHOST.EXE	-2.228891	0.0
5028:CONHOST.EXE	-2.228891	0.0
4756:CONHOST.EXE	-2.228891	0.0
3976:CONHOST.EXE	-2.228891	0.0
5924:CONHOST.EXE	-2.228891	0.0
5300:CONHOST.EXE	-2.228891	3.0
5284:CONHOST.EXE	-2.228891	0.0
5952:CONHOST.EXE	-2.228891	0.0
4724:CONHOST.EXE	-2.228891	0.0
4292:CONHOST.EXE	-2.228891	0.0
4616:CONHOST.EXE	-2.228891	0.0
3452:CONHOST.EXE	-2.228891	0.0
4152:CONHOST.EXE	-2.228891	0.0
5644:CONHOST.EXE	-2.228891	0.0
5024:CONHOST.EXE	-2.228891	0.0
4336:CONHOST.EXE	-2.231695	0.0
6016:CONHOST.EXE	-2.231695	0.0
3392:CONHOST.EXE	-2.231695	0.0
6088:CONHOST.EXE	-2.231695	0.0
4852:CONHOST.EXE	-2.231695	0.0
4188:CONHOST.EXE	-2.231695	0.0
2160:CONHOST.EXE	-2.231695	0.0
4200:CONHOST.EXE	-2.231695	0.0
4100:CONHOST.EXE	-2.231695	0.0
4252:CONHOST.EXE	-2.231695	0.0
4472:CONHOST.EXE	-2.231695	0.0
5168:CONHOST.EXE	-2.231695	0.0
916:CONHOST.EXE	-2.231695	0.0
1296:CONHOST.EXE	-2.231695	0.0
3592:CONHOST.EXE	-2.231695	0.0
2884:CONHOST.EXE	-2.231695	0.0
5340:CONHOST.EXE	-2.234180	0.0
2616:CONHOST.EXE	-2.234180	0.0
5760:CONHOST.EXE	-2.234180	0.0
1916:CONHOST.EXE	-2.234180	0.0
2916:CONHOST.EXE	-2.235699	0.0
5288:CONHOST.EXE	-2.236463	0.0
5432:CONHOST.EXE	-2.245507	0.0
2152:CONHOST.EXE	-2.245507	0.0
1120:CONHOST.EXE	-2.245507	0.0
4880:CONHOST.EXE	-2.245507	0.0
4500:CONHOST.EXE	-2.245507	0.0
3032:CONHOST.EXE	-2.245507	0.0
4132:CONHOST.EXE	-2.245507	0.0
3092:CONHOST.EXE	-2.245507	0.0
4700:CONHOST.EXE	-2.245507	0.0
2768:CONHOST.EXE	-2.245507	0.0
1464:CONHOST.EXE	-2.245507	0.0
5388:CONHOST.EXE	-2.245507	0.0
4816:CONHOST.EXE	-2.245507	0.0
2648:CONHOST.EXE	-2.245507	0.0
3996:CONHOST.EXE	-2.245507	0.0
1480:CONHOST.EXE	-2.245507	0.0
5632:CONHOST.EXE	-2.245507	0.0
5136:CONHOST.EXE	-2.245507	0.0
2268:CONHOST.EXE	-2.245507	0.0
4572:CONHOST.EXE	-2.245507	0.0
2196:CONHOST.EXE	-2.245507	0.0
5316:CONHOST.EXE	-2.245507	0.0
5536:CONHOST.EXE	-2.245507	0.0
3544:CONHOST.EXE	-2.245507	0.0
4476:CONHOST.EXE	-2.245507	0.0
3144:CONHOST.EXE	-2.245507	0.0
4460:CONHOST.EXE	-2.245507	0.0
168:CONHOST.EXE	-2.245507	0.0
4780:CONHOST.EXE	-2.245507	0.0
4844:CONHOST.EXE	-2.245507	0.0
1524:CONHOST.EXE	-2.245507	0.0
1928:CONHOST.EXE	-2.245507	0.0
4556:CONHOST.EXE	-2.245507	0.0
5948:CONHOST.EXE	-2.245507	0.0
2520:CONHOST.EXE	-2.245507	0.0
76:CONHOST.EXE	-2.245507	0.0
3404:CONHOST.EXE	-2.245507	3.0
3424:CONHOST.EXE	-2.245507	0.0
3380:CONHOST.EXE	-2.245507	0.0
2944:CONHOST.EXE	-2.245507	0.0
5444:CONHOST.EXE	-2.245507	3.0
320:CONHOST.EXE	-2.245507	0.0
4936:CONHOST.EXE	-2.245507	0.0
5692:CONHOST.EXE	-2.245507	0.0
5824:CONHOST.EXE	-2.245507	0.0
5828:CONHOST.EXE	-2.245507	0.0
2200:CONHOST.EXE	-2.245507	0.0
336:CONHOST.EXE	-2.245507	0.0
3164:CONHOST.EXE	-2.245507	0.0
5972:CONHOST.EXE	-2.248286	0.0
6036:CONHOST.EXE	-2.248286	0.0
1104:CONHOST.EXE	-2.248286	0.0
3604:CONHOST.EXE	-2.248286	0.0
4708:CONHOST.EXE	-2.248286	0.0
5880:CONHOST.EXE	-2.248286	0.0
5928:CONHOST.EXE	-2.248286	0.0
5056:CONHOST.EXE	-2.248286	0.0
4224:CONHOST.EXE	-2.248286	0.0
1488:CONHOST.EXE	-2.248286	0.0
3312:CONHOST.EXE	-2.248286	0.0
5604:CONHOST.EXE	-2.248286	0.0
3720:CONHOST.EXE	-2.248286	0.0
620:CONHOST.EXE	-2.248286	0.0
268:CONHOST.EXE	-2.248286	0.0
2532:CONHOST.EXE	-2.248286	0.0
4720:CONHOST.EXE	-2.248286	0.0
4512:CONHOST.EXE	-2.248286	0.0
2824:CONHOST.EXE	-2.248286	0.0
4384:WINLOGON.EXE	-2.248840	0.0
4164:CONHOST.EXE	-2.250687	0.0
2676:CONHOST.EXE	-2.250687	0.0
2196:SCHTASKS.EXE	-2.252888	0.0
1188:CONHOST.EXE	-2.257625	0.0
3272:CONHOST.EXE	-2.269263	0.0
3296:CONHOST.EXE	-2.269263	0.0
6084:CONHOST.EXE	-2.269263	0.0
708:QWINSTA.EXE	-2.269263	0.0
3288:CONHOST.EXE	-2.269263	0.0
4892:CONHOST.EXE	-2.269263	0.0
5716:CONHOST.EXE	-2.269263	0.0
5072:CONHOST.EXE	-2.269263	0.0
2412:CONHOST.EXE	-2.269263	0.0
388:CONHOST.EXE	-2.269263	0.0
324:CONHOST.EXE	-2.269263	0.0
2556:CONHOST.EXE	-2.269263	0.0
3248:TASKKILL.EXE	-2.269263	0.0
2656:CONHOST.EXE	-2.269263	0.0
1976:CONHOST.EXE	-2.269263	0.0
520:CONHOST.EXE	-2.269263	0.0
2584:CONHOST.EXE	-2.269263	0.0
6028:CONHOST.EXE	-2.269263	0.0
5904:CONHOST.EXE	-2.269263	0.0
4964:CONHOST.EXE	-2.269263	0.0
2740:SCHTASKS.EXE	-2.269263	0.0
2400:CONHOST.EXE	-2.269263	0.0
5080:CONHOST.EXE	-2.269263	0.0
4932:NETSTAT.EXE	-2.269263	0.0
3556:NETSTAT.EXE	-2.269263	0.0
3176:CONHOST.EXE	-2.269263	0.0
5148:QWINSTA.EXE	-2.269263	0.0
3564:CONHOST.EXE	-2.269263	0.0
500:CONHOST.EXE	-2.269263	0.0
5568:CONHOST.EXE	-2.269263	0.0
1812:CONHOST.EXE	-2.269263	0.0
4956:CONHOST.EXE	-2.269263	0.0
3244:CONHOST.EXE	-2.269263	0.0
5640:CONHOST.EXE	-2.269263	0.0
1184:CONHOST.EXE	-2.269263	0.0
3820:CONHOST.EXE	-2.269263	0.0
700:CONHOST.EXE	-2.269263	0.0
2700:CONHOST.EXE	-2.269263	0.0
5304:TASKKILL.EXE	-2.269263	0.0
396:CONHOST.EXE	-2.269263	0.0
5696:CONHOST.EXE	-2.269263	0.0
2388:CONHOST.EXE	-2.269263	0.0
2492:CONHOST.EXE	-2.269263	0.0
4184:SCHTASKS.EXE	-2.269263	0.0
712:FINDSTR.EXE	-2.269263	0.0
5188:CONHOST.EXE	-2.269263	0.0
3580:CONHOST.EXE	-2.269263	0.0
1160:CONHOST.EXE	-2.269263	0.0
2712:CONHOST.EXE	-2.269263	0.0
1688:CONHOST.EXE	-2.269263	0.0
5216:CONHOST.EXE	-2.269263	0.0
1304:CONHOST.EXE	-2.269263	0.0
1284:CONHOST.EXE	-2.269263	0.0
2780:CONHOST.EXE	-2.269263	0.0
3240:CONHOST.EXE	-2.269263	0.0
3780:TASKLIST.EXE	-2.269263	0.0
3972:CONHOST.EXE	-2.269263	0.0
1648:CONHOST.EXE	-2.269263	0.0
3644:CONHOST.EXE	-2.269263	0.0
4496:CONHOST.EXE	-2.269263	0.0
632:CONHOST.EXE	-2.269263	0.0
5232:NETSTAT.EXE	-2.269263	0.0
6136:TASKLIST.EXE	-2.269263	0.0
3472:CONHOST.EXE	-2.269263	0.0
884:CONHOST.EXE	-2.269263	0.0
2740:TASKLIST.EXE	-2.269263	0.0
5184:CONHOST.EXE	-2.269263	0.0
5252:CONHOST.EXE	-2.269263	0.0
3400:CONHOST.EXE	-2.269263	0.0
5396:CONHOST.EXE	-2.269263	0.0
2664:CONHOST.EXE	-2.269263	0.0
3236:CONHOST.EXE	-2.269263	0.0
4072:CONHOST.EXE	-2.269263	0.0
5480:TASKLIST.EXE	-2.269263	0.0
4580:CONHOST.EXE	-2.269263	0.0
6096:CONHOST.EXE	-2.269263	0.0
1664:FINDSTR.EXE	-2.269263	0.0
3664:CONHOST.EXE	-2.269263	0.0
2548:CONHOST.EXE	-2.269263	0.0
4740:CONHOST.EXE	-2.269263	0.0
688:CONHOST.EXE	-2.269263	0.0
1592:CONHOST.EXE	-2.269263	0.0
5160:CONHOST.EXE	-2.269263	0.0
3212:CONHOST.EXE	-2.269263	0.0
1228:CONHOST.EXE	-2.269263	0.0
4776:CONHOST.EXE	-2.269263	0.0
5016:CONHOST.EXE	-2.269263	0.0
912:CONHOST.EXE	-2.269263	0.0
4232:CONHOST.EXE	-2.269263	0.0
3920:CONHOST.EXE	-2.269263	0.0
5992:SCHTASKS.EXE	-2.269263	0.0
992:CONHOST.EXE	-2.269263	0.0
3196:CONHOST.EXE	-2.269263	0.0
3180:CONHOST.EXE	-2.270671	0.0
3204:CONHOST.EXE	-2.271911	0.0
5684:SCHTASKS.EXE	-2.271911	0.0
2312:CONHOST.EXE	-2.271911	0.0
5272:CONHOST.EXE	-2.271911	0.0
2076:CONHOST.EXE	-2.271911	0.0
5756:CONHOST.EXE	-2.271911	0.0
4868:CONHOST.EXE	-2.271911	0.0
4152:SCHTASKS.EXE	-2.271911	0.0
3960:CONHOST.EXE	-2.271911	0.0
4992:FINDSTR.EXE	-2.271911	0.0
3816:CONHOST.EXE	-2.271911	0.0
3164:SCHTASKS.EXE	-2.271911	0.0
5288:NETSTAT.EXE	-2.271911	0.0
1844:CONHOST.EXE	-2.271911	0.0
4072:SCHTASKS.EXE	-2.271911	0.0
5148:CONHOST.EXE	-2.271911	0.0
3412:CONHOST.EXE	-2.271911	0.0
4556:FINDSTR.EXE	-2.271911	0.0
4672:FINDSTR.EXE	-2.271911	0.0
5624:CONHOST.EXE	-2.271911	0.0
5520:CONHOST.EXE	-2.271911	0.0
584:CONHOST.EXE	-2.271911	0.0
384:SCHTASKS.EXE	-2.271911	0.0
3948:CONHOST.EXE	-2.271911	0.0
5464:CONHOST.EXE	-2.271911	0.0
5896:CONHOST.EXE	-2.271911	0.0
5436:CONHOST.EXE	-2.271911	0.0
3100:CONHOST.EXE	-2.271911	0.0
1912:CONHOST.EXE	-2.271911	0.0
3408:CONHOST.EXE	-2.271911	0.0
1900:CONHOST.EXE	-2.271911	0.0
960:CONHOST.EXE	-2.271911	0.0
4916:SCHTASKS.EXE	-2.271911	0.0
4388:CONHOST.EXE	-2.271911	0.0
5364:CONHOST.EXE	-2.271911	0.0
4952:CONHOST.EXE	-2.271911	0.0
2924:QWINSTA.EXE	-2.271911	0.0
5612:SCHTASKS.EXE	-2.271911	0.0
4868:TASKLIST.EXE	-2.271911	0.0
672:SCHTASKS.EXE	-2.271911	0.0
1816:CONHOST.EXE	-2.271911	0.0
1668:CONHOST.EXE	-2.271911	0.0
2780:SCHTASKS.EXE	-2.274101	0.0
4724:SCHTASKS.EXE	-2.274101	0.0
5872:SCHTASKS.EXE	-2.274101	0.0
5316:SCHTASKS.EXE	-2.274101	0.0
1228:SCHTASKS.EXE	-2.274101	0.0
1108:SCHTASKS.EXE	-2.274101	0.0
2328:CONHOST.EXE	-2.274101	0.0
4292:SCHTASKS.EXE	-2.274101	0.0
2340:CONHOST.EXE	-2.285875	3.0
4320:CONHOST.EXE	-2.285875	0.0
4432:CONHOST.EXE	-2.285875	0.0
5460:CONHOST.EXE	-2.308199	0.0
5740:TASKLIST.EXE	-2.308199	0.0
4916:FINDSTR.EXE	-2.308199	0.0
640:CONHOST.EXE	-2.308199	0.0
6088:NETSTAT.EXE	-2.308199	0.0
4968:NETSTAT.EXE	-2.308199	0.0
800:TASKLIST.EXE	-2.308199	0.0
4596:SC.EXE	-2.308199	0.0
1484:FINDSTR.EXE	-2.308199	0.0
196:CONHOST.EXE	-2.308199	0.0
5092:NETSTAT.EXE	-2.308199	0.0
3768:CONHOST.EXE	-2.308199	0.0
5952:FINDSTR.EXE	-2.308199	0.0
4284:FINDSTR.EXE	-2.308199	0.0
3120:SCHTASKS.EXE	-2.308199	0.0
788:SCHTASKS.EXE	-2.308199	0.0
2664:TASKLIST.EXE	-2.308199	0.0
5344:ONEDRIVESETUP.EXE	-2.308199	0.0
3212:SCHTASKS.EXE	-2.308199	0.0
5008:TASKLIST.EXE	-2.308199	0.0
704:CONHOST.EXE	-2.308199	0.0
3708:CONHOST.EXE	-2.308199	0.0
852:CONHOST.EXE	-2.308199	0.0
5852:SCHTASKS.EXE	-2.308199	0.0
1928:SC.EXE	-2.308199	0.0
3172:CONHOST.EXE	-2.308199	0.0
3516:CONHOST.EXE	-2.308199	0.0
5564:SCHTASKS.EXE	-2.308199	0.0
5868:TASKLIST.EXE	-2.308199	0.0
1724:SCHTASKS.EXE	-2.308199	0.0
5528:CONHOST.EXE	-2.308199	0.0
5444:QWINSTA.EXE	-2.308199	0.0
1344:CONHOST.EXE	-2.308199	0.0
5868:CONHOST.EXE	-2.308199	0.0
1448:TASKLIST.EXE	-2.308199	0.0
540:SCHTASKS.EXE	-2.308199	0.0
272:NETSTAT.EXE	-2.308199	0.0
1108:TASKKILL.EXE	-2.308199	0.0
2708:FINDSTR.EXE	-2.308199	0.0
5264:TASKLIST.EXE	-2.308199	0.0
524:SCHTASKS.EXE	-2.308199	0.0
2152:FINDSTR.EXE	-2.308199	0.0
5704:TASKLIST.EXE	-2.308199	0.0
1932:ACRORD32.EXE	-2.308199	0.0
5760:SCHTASKS.EXE	-2.308199	0.0
5132:SCHTASKS.EXE	-2.308199	0.0
3492:CONHOST.EXE	-2.308199	0.0
1724:NETSTAT.EXE	-2.308199	0.0
2860:SCHTASKS.EXE	-2.308199	0.0
1184:TASKLIST.EXE	-2.308199	0.0
2076:TASKLIST.EXE	-2.308199	0.0
4672:NETSTAT.EXE	-2.308199	0.0
5752:TASKLIST.EXE	-2.308199	0.0
4312:NETSTAT.EXE	-2.308199	0.0
1284:QWINSTA.EXE	-2.308199	0.0
904:CONHOST.EXE	-2.308199	0.0
5464:NETSTAT.EXE	-2.308199	0.0
2636:CONHOST.EXE	-2.308199	0.0
4932:TASKKILL.EXE	-2.308199	0.0
612:QWINSTA.EXE	-2.308199	0.0
4304:TASKLIST.EXE	-2.308199	0.0
4608:CONHOST.EXE	-2.308199	0.0
3256:TASKLIST.EXE	-2.308199	0.0
5744:CONHOST.EXE	-2.308199	0.0
5572:FINDSTR.EXE	-2.308199	0.0
4752:TASKKILL.EXE	-2.308199	0.0
1448:SCHTASKS.EXE	-2.308199	0.0
5932:NETSTAT.EXE	-2.308199	0.0
872:CONHOST.EXE	-2.308199	0.0
3352:CONHOST.EXE	-2.308199	0.0
3484:CONHOST.EXE	-2.308199	0.0
980:SCHTASKS.EXE	-2.308199	0.0
896:CONHOST.EXE	-2.308199	0.0
908:SCHTASKS.EXE	-2.308199	0.0
5888:CONHOST.EXE	-2.308199	0.0
5780:CONHOST.EXE	-2.308199	0.0
2688:FINDSTR.EXE	-2.308199	0.0
5440:SCHTASKS.EXE	-2.308199	0.0
696:CONHOST.EXE	-2.308199	0.0
1780:CONHOST.EXE	-2.308199	0.0
692:CONHOST.EXE	-2.308199	0.0
5216:TASKKILL.EXE	-2.308199	0.0
5564:ACRORD32.EXE	-2.308199	0.0
3872:TASKKILL.EXE	-2.308199	0.0
1512:CONHOST.EXE	-2.308199	0.0
2712:SCHTASKS.EXE	-2.308199	0.0
2688:CONHOST.EXE	-2.308199	0.0
332:TASKLIST.EXE	-2.308199	0.0
1640:CONHOST.EXE	-2.308199	0.0
2964:FINDSTR.EXE	-2.308199	0.0
4452:CONHOST.EXE	-2.308199	0.0
4680:CONHOST.EXE	-2.308199	0.0
1196:CONHOST.EXE	-2.308199	0.0
3292:TASKKILL.EXE	-2.308199	0.0
3660:SCHTASKS.EXE	-2.308199	0.0
5328:NETSTAT.EXE	-2.308199	0.0
4904:CONHOST.EXE	-2.308199	0.0
5340:QWINSTA.EXE	-2.308199	0.0
1156:SC.EXE	-2.308199	0.0
2448:CONHOST.EXE	-2.308199	0.0
4180:FINDSTR.EXE	-2.308199	0.0
6084:SCHTASKS.EXE	-2.308199	0.0
3896:SCHTASKS.EXE	-2.308199	0.0
852:TASKKILL.EXE	-2.308199	0.0
5236:ACRORD32.EXE	-2.308199	0.0
5024:SCHTASKS.EXE	-2.308199	0.0
3516:NETSTAT.EXE	-2.308199	0.0
824:SC.EXE	-2.308199	0.0
536:TASKLIST.EXE	-2.308199	0.0
2592:CONHOST.EXE	-2.308199	0.0
5100:CONHOST.EXE	-2.308199	0.0
1796:TASKLIST.EXE	-2.308199	0.0
5416:CONHOST.EXE	-2.308199	0.0
5892:SCHTASKS.EXE	-2.308199	0.0
5872:ONEDRIVESETUP.EXE	-2.308199	0.0
4744:CONHOST.EXE	-2.308199	0.0
272:CONHOST.EXE	-2.308199	0.0
6068:CONHOST.EXE	-2.308199	0.0
3424:SCHTASKS.EXE	-2.308199	0.0
4840:CONHOST.EXE	-2.308199	0.0
3284:FINDSTR.EXE	-2.308199	0.0
5812:TASKLIST.EXE	-2.308199	0.0
2508:CONHOST.EXE	-2.308199	0.0
4528:CONHOST.EXE	-2.308199	0.0
5448:CONHOST.EXE	-2.308199	0.0
3116:CONHOST.EXE	-2.308199	3.0
2756:NETSTAT.EXE	-2.308199	0.0
3200:CONHOST.EXE	-2.308199	0.0
5928:ACRORD32.EXE	-2.308199	0.0
2536:CONHOST.EXE	-2.308199	0.0
4124:CONHOST.EXE	-2.308199	0.0
3588:ONEDRIVESETUP.EXE	-2.308199	0.0
1324:SC.EXE	-2.308199	0.0
4420:CONHOST.EXE	-2.308199	0.0
4864:CONHOST.EXE	-2.308199	0.0
2992:TASKKILL.EXE	-2.308199	0.0
2052:CONHOST.EXE	-2.308199	0.0
3028:CONHOST.EXE	-2.308199	0.0
2056:CONHOST.EXE	-2.308199	0.0
5996:CONHOST.EXE	-2.308199	0.0
3540:CMD.EXE	-2.308199	0.0
2580:CONHOST.EXE	-2.308199	0.0
5272:SC.EXE	-2.308199	0.0
4928:CONHOST.EXE	-2.308199	0.0
3956:CONHOST.EXE	-2.308199	0.0
2896:CMD.EXE	-2.308199	0.0
6024:SCHTASKS.EXE	-2.308199	0.0
4196:SCHTASKS.EXE	-2.308199	0.0
4432:SCHTASKS.EXE	-2.308199	0.0
916:SC.EXE	-2.308199	0.0
5060:CONHOST.EXE	-2.308199	0.0
5912:NETSTAT.EXE	-2.308199	0.0
3952:ONEDRIVESETUP.EXE	-2.308199	0.0
3884:SC.EXE	-2.308199	0.0
4504:FINDSTR.EXE	-2.308199	0.0
4472:ONEDRIVESETUP.EXE	-2.308199	0.0
5660:TASKLIST.EXE	-2.308199	0.0
2848:SC.EXE	-2.308199	0.0
1664:ONEDRIVESETUP.EXE	-2.308199	0.0
4528:TASKKILL.EXE	-2.308199	0.0
3792:CONHOST.EXE	-2.308199	0.0
4716:SCHTASKS.EXE	-2.308199	0.0
1804:SCHTASKS.EXE	-2.308199	0.0
4980:SCHTASKS.EXE	-2.308199	0.0
1844:SCHTASKS.EXE	-2.308199	0.0
4176:SCHTASKS.EXE	-2.308199	0.0
4596:CONHOST.EXE	-2.308199	0.0
172:SC.EXE	-2.308199	0.0
5492:CONHOST.EXE	-2.308199	0.0
2884:TASKKILL.EXE	-2.308199	0.0
2676:SCHTASKS.EXE	-2.308199	0.0
712:CONHOST.EXE	-2.308199	0.0
3456:TASKKILL.EXE	-2.308199	0.0
5920:SCHTASKS.EXE	-2.308199	0.0
4980:TASKLIST.EXE	-2.308199	0.0
2196:NETSTAT.EXE	-2.308199	0.0
4612:TASKLIST.EXE	-2.308199	0.0
4988:FINDSTR.EXE	-2.308199	0.0
5568:TASKLIST.EXE	-2.308199	0.0
2920:CONHOST.EXE	-2.308199	0.0
2932:ACRORD32.EXE	-2.308199	0.0
4008:CONHOST.EXE	-2.308199	0.0
4240:CONHOST.EXE	-2.308199	0.0
4828:CONHOST.EXE	-2.308199	0.0
80:TASKKILL.EXE	-2.308199	0.0
5648:FINDSTR.EXE	-2.308199	0.0
3456:CONHOST.EXE	-2.308199	0.0
848:NETSTAT.EXE	-2.308199	0.0
4656:CONHOST.EXE	-2.308199	0.0
332:CONHOST.EXE	-2.308199	0.0
6008:CONHOST.EXE	-2.308199	0.0
5992:CONHOST.EXE	-2.308199	0.0
4628:CONHOST.EXE	-2.308199	0.0
2028:CONHOST.EXE	-2.308199	0.0
5040:CONHOST.EXE	-2.308199	0.0
736:CONHOST.EXE	-2.308199	0.0
5328:CONHOST.EXE	-2.308199	0.0
5764:TASKLIST.EXE	-2.308199	0.0
4184:CONHOST.EXE	-2.308199	0.0
6060:CONHOST.EXE	-2.308199	0.0
5184:FINDSTR.EXE	-2.308199	0.0
3208:NETSTAT.EXE	-2.308199	0.0
5412:FINDSTR.EXE	-2.308199	0.0
2472:NETSTAT.EXE	-2.308199	0.0
4968:SCHTASKS.EXE	-2.308199	0.0
5096:FINDSTR.EXE	-2.308199	0.0
1664:NETSTAT.EXE	-2.308199	0.0
4116:TASKLIST.EXE	-2.308199	0.0
3080:FINDSTR.EXE	-2.308199	0.0
5744:NETSTAT.EXE	-2.308199	0.0
5160:QWINSTA.EXE	-2.308199	0.0
4772:TASKLIST.EXE	-2.308199	0.0
5180:NETSTAT.EXE	-2.308199	0.0
5576:CONHOST.EXE	-2.308199	0.0
1624:NETSTAT.EXE	-2.308199	0.0
516:FINDSTR.EXE	-2.308199	0.0
5716:NETSTAT.EXE	-2.308199	0.0
1108:TASKLIST.EXE	-2.308199	0.0
1824:FINDSTR.EXE	-2.308199	0.0
3540:CONHOST.EXE	-2.308199	0.0
6076:NETSTAT.EXE	-2.308199	0.0
612:FINDSTR.EXE	-2.308199	0.0
872:CMD.EXE	-2.308199	0.0
5128:FINDSTR.EXE	-2.308199	0.0
4876:FINDSTR.EXE	-2.308199	0.0
5208:TASKLIST.EXE	-2.308199	0.0
2992:CONHOST.EXE	-2.308199	0.0
5736:SCHTASKS.EXE	-2.308199	0.0
4872:NETSTAT.EXE	-2.308199	0.0
1528:CONHOST.EXE	-2.308199	0.0
5976:CONHOST.EXE	-2.308199	0.0
3420:CONHOST.EXE	-2.308199	0.0
5232:CONHOST.EXE	-2.308199	0.0
4760:CONHOST.EXE	-2.308199	0.0
4244:CONHOST.EXE	-2.308199	0.0
4156:CONHOST.EXE	-2.308199	0.0
4100:SCHTASKS.EXE	-2.308199	0.0
6136:CONHOST.EXE	-2.308199	0.0
3532:QWINSTA.EXE	-2.308199	0.0
3460:CONHOST.EXE	-2.308199	0.0
2116:CONHOST.EXE	-2.308199	0.0
4384:CONHOST.EXE	-2.308199	0.0
3496:CONHOST.EXE	-2.308199	0.0
3444:CONHOST.EXE	-2.308199	0.0
816:CONHOST.EXE	-2.308199	0.0
1156:CONHOST.EXE	-2.308199	0.0
816:TASKKILL.EXE	-2.308199	0.0
5496:CONHOST.EXE	-2.308199	0.0
3896:CONHOST.EXE	-2.308199	0.0
5116:CONHOST.EXE	-2.308199	0.0
1628:SHUTDOWN.EXE	-2.308199	0.0
5132:CONHOST.EXE	-2.308199	0.0
4876:CONHOST.EXE	-2.308199	0.0
4320:SC.EXE	-2.308199	0.0
1696:FINDSTR.EXE	-2.308199	0.0
76:TASKKILL.EXE	-2.308199	0.0
5548:SC.EXE	-2.308199	0.0
5304:CONHOST.EXE	-2.308199	0.0
5284:TASKLIST.EXE	-2.308199	0.0
3968:CONHOST.EXE	-2.308199	0.0
4612:CONHOST.EXE	-2.308199	0.0
260:ONEDRIVESETUP.EXE	-2.308199	0.0
4196:TASKKILL.EXE	-2.308199	0.0
3224:CONHOST.EXE	-2.308199	0.0
1192:CONHOST.EXE	-2.308199	0.0
4996:CONHOST.EXE	-2.308199	0.0
4636:CONHOST.EXE	-2.308199	0.0
5648:CONHOST.EXE	-2.308199	0.0
6004:CONHOST.EXE	-2.308199	0.0
4604:SCHTASKS.EXE	-2.308199	0.0
952:CONHOST.EXE	-2.308199	0.0
4340:CONHOST.EXE	-2.308199	0.0
1288:SCHTASKS.EXE	-2.308199	0.0
3552:SCHTASKS.EXE	-2.308199	0.0
4384:SCHTASKS.EXE	-2.308199	0.0
4752:SCHTASKS.EXE	-2.308199	0.0
2392:NETSTAT.EXE	-2.308199	0.0
3224:SCHTASKS.EXE	-2.308199	0.0
1692:SC.EXE	-2.308199	0.0
5448:TASKKILL.EXE	-2.308199	0.0
5720:CONHOST.EXE	-2.308199	0.0
4904:QWINSTA.EXE	-2.308199	0.0
5840:FINDSTR.EXE	-2.308199	0.0
1988:CMD.EXE	-2.308199	0.0
2432:QWINSTA.EXE	-2.308199	0.0
5720:FINDSTR.EXE	-2.308199	0.0
3128:QWINSTA.EXE	-2.308199	0.0
4768:NETSTAT.EXE	-2.308199	0.0
4596:FINDSTR.EXE	-2.308199	0.0
704:SCHTASKS.EXE	-2.308199	0.0
5084:FINDSTR.EXE	-2.308199	0.0
3900:CONHOST.EXE	-2.308199	0.0
2996:NETSTAT.EXE	-2.308199	0.0
6120:FINDSTR.EXE	-2.308199	0.0
3132:QWINSTA.EXE	-2.308199	0.0
3972:FINDSTR.EXE	-2.308199	0.0
5776:NETSTAT.EXE	-2.308199	0.0
5768:FINDSTR.EXE	-2.308199	0.0
4080:NETSTAT.EXE	-2.308199	0.0
256:TASKLIST.EXE	-2.308199	0.0
3996:TASKLIST.EXE	-2.308199	0.0
932:FINDSTR.EXE	-2.308199	0.0
4976:CONHOST.EXE	-2.308199	0.0
4748:TASKLIST.EXE	-2.308199	0.0
3564:TASKLIST.EXE	-2.308199	0.0
2464:NETSTAT.EXE	-2.308199	0.0
3016:FINDSTR.EXE	-2.308199	0.0
2596:FINDSTR.EXE	-2.308199	0.0
3636:TASKLIST.EXE	-2.308199	0.0
1888:FINDSTR.EXE	-2.308199	0.0
804:NETSTAT.EXE	-2.308199	0.0
4292:TASKLIST.EXE	-2.308199	0.0
3484:CMD.EXE	-2.308199	0.0
2856:FINDSTR.EXE	-2.308199	0.0
2812:CONHOST.EXE	-2.308199	0.0
4512:FINDSTR.EXE	-2.308199	0.0
1960:TASKLIST.EXE	-2.308199	0.0
4696:CMD.EXE	-2.308199	0.0
3572:FINDSTR.EXE	-2.308199	0.0
4352:FINDSTR.EXE	-2.308199	0.0
640:NETSTAT.EXE	-2.308199	0.0
3232:TASKLIST.EXE	-2.308199	0.0
6020:SCHTASKS.EXE	-2.308199	0.0
5516:FINDSTR.EXE	-2.308199	0.0
5760:TASKLIST.EXE	-2.308199	0.0
2648:SC.EXE	-2.308199	0.0
4028:SCHTASKS.EXE	-2.308199	0.0
5180:CMD.EXE	-2.308199	0.0
5524:CONHOST.EXE	-2.308199	0.0
5312:QWINSTA.EXE	-2.308199	0.0
624:SCHTASKS.EXE	-2.308199	0.0
3308:NETSTAT.EXE	-2.308199	0.0
5376:TASKLIST.EXE	-2.308199	0.0
4752:FINDSTR.EXE	-2.308199	0.0
5000:NETSTAT.EXE	-2.308199	0.0
4872:TASKLIST.EXE	-2.308199	0.0
1092:FINDSTR.EXE	-2.308199	0.0
3180:NETSTAT.EXE	-2.308199	0.0
1808:TASKLIST.EXE	-2.308199	0.0
5956:NETSTAT.EXE	-2.308199	0.0
3956:TASKLIST.EXE	-2.308199	0.0
4120:FINDSTR.EXE	-2.308199	0.0
1588:TASKLIST.EXE	-2.308199	0.0
3168:FINDSTR.EXE	-2.308199	0.0
5668:NETSTAT.EXE	-2.308199	0.0
4932:CONHOST.EXE	-2.308199	0.0
4340:CMD.EXE	-2.308199	0.0
2780:TASKLIST.EXE	-2.308199	0.0
4108:CONHOST.EXE	-2.308199	0.0
2600:FINDSTR.EXE	-2.308199	0.0
5796:NETSTAT.EXE	-2.308199	0.0
3316:CONHOST.EXE	-2.308199	0.0
4880:QWINSTA.EXE	-2.308199	0.0
1360:FINDSTR.EXE	-2.308199	0.0
3080:NETSTAT.EXE	-2.308199	0.0
1484:CONHOST.EXE	-2.308199	0.0
736:TASKLIST.EXE	-2.308199	0.0
4676:FINDSTR.EXE	-2.308199	0.0
4300:CONHOST.EXE	-2.308199	0.0
1324:TASKLIST.EXE	-2.308199	0.0
3276:FINDSTR.EXE	-2.308199	0.0
4036:NETSTAT.EXE	-2.308199	0.0
3176:TASKLIST.EXE	-2.308199	0.0
4552:TASKLIST.EXE	-2.308199	0.0
5384:CMD.EXE	-2.308199	0.0
2936:FINDSTR.EXE	-2.308199	0.0
3304:FINDSTR.EXE	-2.308199	0.0
2824:MSTSC.EXE	-2.308199	0.0
1228:FINDSTR.EXE	-2.308199	0.0
4732:NETSTAT.EXE	-2.308199	0.0
4516:TASKLIST.EXE	-2.308199	0.0
5208:CMDKEY.EXE	-2.308199	0.0
4636:FINDSTR.EXE	-2.308199	0.0
1840:NETSTAT.EXE	-2.308199	0.0
5700:SCHTASKS.EXE	-2.308199	0.0
4364:TASKLIST.EXE	-2.308199	0.0
3592:FINDSTR.EXE	-2.308199	0.0
640:SCHTASKS.EXE	-2.308199	0.0
168:SCHTASKS.EXE	-2.308199	0.0
980:CONHOST.EXE	-2.308199	0.0
2036:CONHOST.EXE	-2.308199	0.0
2688:NETSTAT.EXE	-2.308199	0.0
2384:CONHOST.EXE	-2.308199	0.0
852:NETSTAT.EXE	-2.308199	0.0
3652:TASKKILL.EXE	-2.308199	0.0
5428:TASKLIST.EXE	-2.308199	0.0
808:CONHOST.EXE	-2.308199	0.0
1164:TASKKILL.EXE	-2.308199	0.0
1164:CONHOST.EXE	-2.308199	0.0
2772:REG.EXE	-2.308199	0.0
2984:FINDSTR.EXE	-2.308199	0.0
5572:SC.EXE	-2.308199	0.0
3892:CONHOST.EXE	-2.308199	0.0
4192:TASKLIST.EXE	-2.308199	0.0
1668:QWINSTA.EXE	-2.308199	0.0
5712:QWINSTA.EXE	-2.308199	0.0
6080:NETSTAT.EXE	-2.308199	0.0
5336:CONHOST.EXE	-2.308199	0.0
5032:SCHTASKS.EXE	-2.308199	0.0
2432:SCHTASKS.EXE	-2.308199	0.0
3556:ONEDRIVESETUP.EXE	-2.308199	0.0
96:CONHOST.EXE	-2.308199	0.0
920:BCDEDIT.EXE	-2.308199	0.0
5828:SC.EXE	-2.308199	0.0
848:SCHTASKS.EXE	-2.308199	0.0
624:TASKKILL.EXE	-2.308199	0.0
2320:CONHOST.EXE	-2.308199	0.0
4516:NETSTAT.EXE	-2.308199	0.0
5900:CONHOST.EXE	-2.308199	0.0
4644:CONHOST.EXE	-2.308199	0.0
96:FINDSTR.EXE	-2.308199	0.0
992:SCHTASKS.EXE	-2.308199	0.0
2416:CONHOST.EXE	-2.308199	0.0
5200:CONHOST.EXE	-2.308199	0.0
5236:SC.EXE	-2.308199	0.0
3312:ONEDRIVESETUP.EXE	-2.308199	0.0
3520:TASKKILL.EXE	-2.308199	0.0
3188:SCHTASKS.EXE	-2.308199	0.0
3688:CONHOST.EXE	-2.308199	0.0
3268:CONHOST.EXE	-2.308199	0.0
5244:ONEDRIVESETUP.EXE	-2.308199	0.0
3148:TASKLIST.EXE	-2.308199	0.0
384:FINDSTR.EXE	-2.308199	0.0
928:CONHOST.EXE	-2.308199	0.0
5100:TASKLIST.EXE	-2.308199	0.0
360:CMD.EXE	-2.308199	0.0
5028:FINDSTR.EXE	-2.308199	0.0
3864:FINDSTR.EXE	-2.308199	0.0
5024:TASKLIST.EXE	-2.308199	0.0
4976:FINDSTR.EXE	-2.308199	0.0
2768:NETSTAT.EXE	-2.308199	0.0
840:TASKLIST.EXE	-2.308199	0.0
1512:TASKLIST.EXE	-2.308199	0.0
6136:NETSTAT.EXE	-2.308199	0.0
5360:NETSTAT.EXE	-2.308199	0.0
1164:TASKLIST.EXE	-2.308199	0.0
5492:NETSTAT.EXE	-2.308199	0.0
908:TASKLIST.EXE	-2.308199	0.0
2440:FINDSTR.EXE	-2.308199	0.0
96:TASKLIST.EXE	-2.308199	0.0
1484:NETSTAT.EXE	-2.308199	0.0
3536:FINDSTR.EXE	-2.308199	0.0
1592:TASKLIST.EXE	-2.308199	0.0
2088:NETSTAT.EXE	-2.308199	0.0
536:QWINSTA.EXE	-2.308199	0.0
2632:FINDSTR.EXE	-2.308199	0.0
2824:NETSTAT.EXE	-2.308199	0.0
88:CONHOST.EXE	-2.308199	0.0
6008:ACRORD32.EXE	-2.308199	0.0
1324:TASKKILL.EXE	-2.308199	0.0
804:SC.EXE	-2.308199	0.0
5988:SC.EXE	-2.308199	0.0
5816:TASKKILL.EXE	-2.308199	0.0
4140:CONHOST.EXE	-2.308199	0.0
3812:CONHOST.EXE	-2.308199	0.0
3952:SCHTASKS.EXE	-2.308199	0.0
4984:FINDSTR.EXE	-2.308199	0.0
6008:CMDKEY.EXE	-2.308199	0.0
5416:NETSTAT.EXE	-2.308199	0.0
644:FINDSTR.EXE	-2.308199	0.0
524:FINDSTR.EXE	-2.308199	0.0
5880:NETSTAT.EXE	-2.308199	0.0
4316:CONHOST.EXE	-2.308199	0.0
5644:FINDSTR.EXE	-2.308199	0.0
2632:NETSTAT.EXE	-2.308199	0.0
2608:NETSTAT.EXE	-2.308199	0.0
3568:REG.EXE	-2.308199	0.0
1672:REG.EXE	-2.308199	0.0
5832:REG.EXE	-2.308199	0.0
5240:REG.EXE	-2.308199	0.0
324:REG.EXE	-2.308199	0.0
5868:REG.EXE	-2.308199	0.0
272:REG.EXE	-2.308199	0.0
1172:REG.EXE	-2.308199	0.0
5676:REG.EXE	-2.308199	0.0
1528:REG.EXE	-2.308199	0.0
5144:TASKLIST.EXE	-2.308199	0.0
2184:REG.EXE	-2.308199	0.0
960:REG.EXE	-2.308199	0.0
2408:CONHOST.EXE	-2.308199	0.0
5652:CMD.EXE	-2.308199	0.0
2920:REG.EXE	-2.308199	0.0
3340:REG.EXE	-2.308199	0.0
636:REG.EXE	-2.308199	0.0
1224:FINDSTR.EXE	-2.308199	0.0
1436:REG.EXE	-2.308199	0.0
4732:CONHOST.EXE	-2.308199	0.0
180:REG.EXE	-2.308199	0.0
1516:TASKKILL.EXE	-2.308199	0.0
3152:CONHOST.EXE	-2.308199	0.0
5260:ACRORD32.EXE	-2.308199	0.0
5904:REG.EXE	-2.308199	0.0
856:CONHOST.EXE	-2.308199	0.0
5436:SCHTASKS.EXE	-2.308199	0.0
4064:CONHOST.EXE	-2.308199	0.0
2616:TASKKILL.EXE	-2.308199	0.0
5900:BCDEDIT.EXE	-2.308199	0.0
5208:MANTRA.EXE	-2.308199	0.0
5580:REG.EXE	-2.308199	0.0
3824:REG.EXE	-2.308199	0.0
5324:REG.EXE	-2.308199	0.0
4204:REG.EXE	-2.308199	0.0
3196:CMD.EXE	-2.308199	0.0
1480:SCHTASKS.EXE	-2.308199	0.0
4548:REG.EXE	-2.308199	0.0
712:REG.EXE	-2.308199	0.0
4552:CONHOST.EXE	-2.308199	0.0
3604:TASKKILL.EXE	-2.308199	0.0
5132:FINDSTR.EXE	-2.308199	0.0
5532:REG.EXE	-2.308199	0.0
3016:CONHOST.EXE	-2.309490	0.0
1224:CONHOST.EXE	-2.310521	0.0
4856:SCHTASKS.EXE	-2.310521	0.0
5712:CMD.EXE	-2.310521	0.0
2916:SCHTASKS.EXE	-2.310521	0.0
3564:SCHTASKS.EXE	-2.310521	0.0
5588:SCHTASKS.EXE	-2.310521	0.0
3268:CMD.EXE	-2.310521	0.0
4180:CONHOST.EXE	-2.310521	0.0
3660:CONHOST.EXE	-2.310521	0.0
256:SCHTASKS.EXE	-2.310521	0.0
1448:TASKKILL.EXE	-2.310521	0.0
1808:SCHTASKS.EXE	-2.310521	0.0
2084:TASKLIST.EXE	-2.310521	0.0
500:SCHTASKS.EXE	-2.310521	0.0
2492:FINDSTR.EXE	-2.310521	0.0
3684:SCHTASKS.EXE	-2.310521	0.0
5484:SCHTASKS.EXE	-2.310521	0.0
3256:SCHTASKS.EXE	-2.310521	0.0
672:CONHOST.EXE	-2.310521	0.0
2680:NETSTAT.EXE	-2.310521	0.0
4040:SCHTASKS.EXE	-2.310521	0.0
1724:FINDSTR.EXE	-2.310521	0.0
3336:SCHTASKS.EXE	-2.310521	0.0
5356:CONHOST.EXE	-2.310521	0.0
4684:SCHTASKS.EXE	-2.310521	0.0
3732:SCHTASKS.EXE	-2.310521	0.0
5116:SCHTASKS.EXE	-2.310521	0.0
4084:NETSTAT.EXE	-2.310521	0.0
4488:CONHOST.EXE	-2.310521	0.0
4420:SCHTASKS.EXE	-2.310521	0.0
5764:NETSTAT.EXE	-2.310521	0.0
1304:SCHTASKS.EXE	-2.310521	0.0
4872:SCHTASKS.EXE	-2.310521	0.0
3232:SCHTASKS.EXE	-2.310521	0.0
5076:SCHTASKS.EXE	-2.310521	0.0
3928:MSTSC.EXE	-2.310521	0.0
6076:SC.EXE	-2.310521	0.0
2268:SCHTASKS.EXE	-2.310521	0.0
1424:ONEDRIVESETUP.EXE	-2.310521	0.0
4576:SCHTASKS.EXE	-2.310521	0.0
5572:SCHTASKS.EXE	-2.310521	0.0
3428:SCHTASKS.EXE	-2.310521	0.0
5360:SCHTASKS.EXE	-2.310521	0.0
1916:SCHTASKS.EXE	-2.310521	0.0
3260:CONHOST.EXE	-2.310521	0.0
136:CONHOST.EXE	-2.310521	0.0
2392:ONEDRIVESETUP.EXE	-2.310521	0.0
6120:TASKLIST.EXE	-2.310521	0.0
408:FINDSTR.EXE	-2.310521	0.0
1512:SC.EXE	-2.310521	0.0
980:FINDSTR.EXE	-2.310521	0.0
504:TASKLIST.EXE	-2.310521	0.0
1824:NETSTAT.EXE	-2.310521	0.0
4288:QWINSTA.EXE	-2.310521	0.0
1224:NETSTAT.EXE	-2.310521	0.0
1464:TASKLIST.EXE	-2.310521	0.0
2472:SCHTASKS.EXE	-2.310521	0.0
700:SCHTASKS.EXE	-2.310521	0.0
136:SCHTASKS.EXE	-2.310521	0.0
2888:NETSTAT.EXE	-2.310521	0.0
676:SCHTASKS.EXE	-2.310521	0.0
1920:SC.EXE	-2.310521	0.0
1224:SCHTASKS.EXE	-2.310521	0.0
5880:SCHTASKS.EXE	-2.310521	0.0
524:QWINSTA.EXE	-2.310521	0.0
5960:TASKLIST.EXE	-2.310521	0.0
5772:NETSTAT.EXE	-2.310521	0.0
5904:SCHTASKS.EXE	-2.310521	0.0
2340:SCHTASKS.EXE	-2.310521	0.0
4580:SCHTASKS.EXE	-2.310521	0.0
5548:SCHTASKS.EXE	-2.310521	0.0
5300:SCHTASKS.EXE	-2.310521	0.0
5276:NETSTAT.EXE	-2.310521	0.0
3380:SCHTASKS.EXE	-2.310521	0.0
1464:SCHTASKS.EXE	-2.310521	0.0
452:CONHOST.EXE	-2.310521	0.0
5168:SCHTASKS.EXE	-2.310521	0.0
2580:SCHTASKS.EXE	-2.310521	0.0
5520:QWINSTA.EXE	-2.310521	0.0
3308:TASKLIST.EXE	-2.310521	0.0
5264:SCHTASKS.EXE	-2.310521	0.0
3896:FINDSTR.EXE	-2.310521	0.0
3572:TASKLIST.EXE	-2.310521	0.0
3476:CONHOST.EXE	-2.310521	0.0
2672:SCHTASKS.EXE	-2.310521	0.0
4524:SCHTASKS.EXE	-2.310521	0.0
4632:SCHTASKS.EXE	-2.310521	0.0
4716:CONHOST.EXE	-2.310521	0.0
2036:QWINSTA.EXE	-2.310521	0.0
6004:SCHTASKS.EXE	-2.310521	0.0
3056:FINDSTR.EXE	-2.310521	0.0
928:SCHTASKS.EXE	-2.310521	0.0
5344:SCHTASKS.EXE	-2.310521	0.0
4856:TASKKILL.EXE	-2.310521	0.0
3276:SCHTASKS.EXE	-2.310521	0.0
3032:SCHTASKS.EXE	-2.310521	0.0
768:SCHTASKS.EXE	-2.310521	0.0
4932:TASKLIST.EXE	-2.310521	0.0
2476:CONHOST.EXE	-2.310521	0.0
5216:SCHTASKS.EXE	-2.310521	0.0
5740:SCHTASKS.EXE	-2.310521	0.0
1900:SCHTASKS.EXE	-2.310521	0.0
6008:TASKKILL.EXE	-2.310521	0.0
6120:CONHOST.EXE	-2.310521	0.0
3428:QWINSTA.EXE	-2.310521	0.0
3796:CONHOST.EXE	-2.310521	0.0
5244:SCHTASKS.EXE	-2.310521	0.0
696:FINDSTR.EXE	-2.310521	0.0
5756:SCHTASKS.EXE	-2.310521	0.0
2848:SCHTASKS.EXE	-2.310521	0.0
3764:SCHTASKS.EXE	-2.310521	0.0
2556:SCHTASKS.EXE	-2.310521	0.0
384:NETSTAT.EXE	-2.310521	0.0
3396:SCHTASKS.EXE	-2.310521	0.0
5928:SCHTASKS.EXE	-2.310521	0.0
2756:SCHTASKS.EXE	-2.310521	0.0
1684:FINDSTR.EXE	-2.310521	0.0
5304:SCHTASKS.EXE	-2.310521	0.0
5868:SCHTASKS.EXE	-2.310521	0.0
2888:SCHTASKS.EXE	-2.310521	0.0
1824:CONHOST.EXE	-2.310521	0.0
4396:FINDSTR.EXE	-2.310521	0.0
3104:FINDSTR.EXE	-2.310521	0.0
2872:SCHTASKS.EXE	-2.310521	0.0
5676:CONHOST.EXE	-2.310521	0.0
5996:ACRORD32.EXE	-2.310521	0.0
3920:TASKKILL.EXE	-2.310521	0.0
4128:FINDSTR.EXE	-2.310521	0.0
5088:PYTHON.EXE	-2.312876	0.0
3276:CONHOST.EXE	-2.329315	4.0
4888:CONHOST.EXE	-2.341123	0.0
5864:CONHOST.EXE	-2.341123	0.0
3384:CONHOST.EXE	-2.341123	0.0
2720:CONHOST.EXE	-2.341123	0.0
4676:CONHOST.EXE	-2.341123	0.0
3832:CONHOST.EXE	-2.356326	0.0
4772:NETSTAT.EXE	-2.399157	0.0
768:NETSTAT.EXE	-2.399157	0.0
4596:NETSTAT.EXE	-2.399157	0.0
4832:NETSTAT.EXE	-2.399157	0.0
292:SMSS.EXE	-2.399157	0.0
4468:SMSS.EXE	-2.399157	0.0
1288:CSRSS.EXE	-2.399157	0.0
5236:CONHOST.EXE	-2.399157	0.0
5312:NETSTAT.EXE	-2.399157	0.0
4712:CONHOST.EXE	-2.399157	0.0
2920:ONEDRIVESETUP.EXE	-2.399157	0.0
4828:ONEDRIVESETUP.EXE	-2.399157	0.0
504:CONHOST.EXE	-2.399157	0.0
5364:ONEDRIVESETUP.EXE	-2.399157	0.0
6096:NETSTAT.EXE	-2.399157	0.0
2780:ONEDRIVESETUP.EXE	-2.399157	0.0
1184:PING.EXE	-2.399157	0.0
4140:TASKKILL.EXE	-2.399157	0.0
5740:NETSTAT.EXE	-2.399157	0.0
2684:PYTHON.EXE	-2.399157	0.0
4752:CONHOST.EXE	-2.399157	0.0
5952:MSOIA.EXE	-2.399157	0.0
5712:CONHOST.EXE	-2.399157	0.0
2316:ONEDRIVESETUP.EXE	-2.399157	0.0
4164:NETSTAT.EXE	-2.399157	0.0
800:SCHTASKS.EXE	-2.399157	0.0
2300:NETSTAT.EXE	-2.399157	0.0
1548:ONEDRIVESETUP.EXE	-2.399157	0.0
5244:SEARCHFILTERHOST.EXE	-2.399157	0.0
2700:NETSTAT.EXE	-2.399157	0.0
4916:NETSTAT.EXE	-2.399157	0.0
2640:ONEDRIVESETUP.EXE	-2.399157	0.0
5028:ONEDRIVESETUP.EXE	-2.399157	0.0
556:CMDKEY.EXE	-2.399157	0.0
264:ONEDRIVESETUP.EXE	-2.399157	0.0
